hour,mu0,ground_k,air_k,air_300m_k,column_mean_k,sensible_w_m2,latent_w_m2,sw_ground_w_m2,lw_down_w_m2,olr_w_m2,mixed_layer_m,rh_ground,dew_kg_m2,condensed_kg_m2
0.0833333,0.999762,309.69,305.52,302.483,252.838,372.171,9.66432,945.327,339.86,311.546,4006,0.100836,0,0
0.25,0.997859,309.76,305.586,302.548,252.863,372.984,9.70358,943.337,339.86,311.546,4006,0.10051,0,0
0.416667,0.994056,309.818,305.651,302.612,252.888,372.382,9.73503,939.361,339.86,311.546,4006,0.100188,0,0
0.583333,0.988362,309.868,305.715,302.676,252.913,371.002,9.76214,933.406,340.741,312.097,4006,0.0998701,0,0
0.75,0.980785,309.905,305.779,302.739,252.937,368.315,9.78184,925.485,340.741,312.097,4006,0.0995575,0,0
0.916667,0.971342,309.932,305.842,302.801,252.962,364.611,9.79561,915.611,340.741,312.097,5253.86,0.0992512,0,0
1.08333,0.96005,309.953,305.903,302.862,252.985,360.279,9.80512,903.804,341.603,312.49,5253.86,0.0989525,0,0
1.25,0.94693,309.959,305.964,302.922,253.008,354.714,9.8074,890.086,341.603,312.49,5253.86,0.098662,0,0
1.41667,0.932008,309.955,306.023,302.98,253.031,348.187,9.80361,874.483,341.603,312.49,5253.86,0.0983806,0,0
1.58333,0.915311,309.944,306.08,303.037,253.052,341.086,9.79514,857.057,342.423,312.678,5253.86,0.0981096,0,0
1.75,0.896873,309.92,306.135,303.092,253.073,332.828,9.77973,837.898,342.423,312.678,5253.86,0.0978495,0,0
1.91667,0.876727,309.884,306.188,303.145,253.094,323.66,9.75812,816.966,342.423,312.678,5253.86,0.0976009,0,0
2.08333,0.854912,309.841,306.239,303.195,253.113,313.943,9.73128,794.3,343.181,312.653,5253.86,0.0973656,0,0
2.25,0.83147,309.783,306.288,303.243,253.131,303.086,9.69748,769.943,343.181,312.653,5253.86,0.0971433,0,0
2.41667,0.806445,309.714,306.334,303.289,253.149,291.359,9.65734,743.942,343.181,312.653,5253.86,0.0969349,0,0
2.58333,0.779884,309.637,306.378,303.332,253.165,279.192,9.61191,716.57,343.855,312.403,5253.86,0.0967422,0,0
2.75,0.75184,309.547,306.419,303.373,253.18,265.989,9.55999,687.743,343.855,312.403,5253.86,0.0965647,0,0
2.91667,0.722364,309.444,306.457,303.41,253.195,251.978,9.5017,657.446,343.855,312.403,5253.86,0.0964031,0,0
3.08333,0.691513,309.331,306.491,303.444,253.208,237.474,9.43717,625.735,344.427,311.922,5253.86,0.0962595,0,0
3.25,0.659346,309.203,306.522,303.475,253.219,221.962,9.36617,592.672,344.427,311.922,5253.86,0.0961329,0,0
3.41667,0.625923,309.065,306.551,303.503,253.23,205.848,9.28953,558.732,344.427,311.922,5253.86,0.0960242,0,0
3.58333,0.59131,308.916,306.575,303.527,253.238,189.352,9.20659,523.749,344.877,311.191,5253.86,0.0959354,0,0
3.75,0.55557,308.751,306.596,303.548,253.246,171.948,9.11744,487.629,344.877,311.191,5253.86,0.0958655,0,0
3.91667,0.518773,308.573,306.613,303.565,253.252,153.852,9.02152,450.44,344.877,311.191,5253.86,0.0958151,0,0
4.08333,0.480989,308.383,306.626,303.578,253.257,135.498,8.91911,412.765,345.19,310.201,5253.86,0.0957866,0,0
4.25,0.442289,308.178,306.635,303.587,253.26,116.543,8.8116,374.697,345.19,310.201,5253.86,0.0957784,0,0
4.41667,0.402747,307.957,306.64,303.592,253.261,97.003,8.69676,335.801,345.19,310.201,5253.86,0.0957912,0,0
4.58333,0.362438,307.718,306.641,303.593,253.261,77.0333,8.57257,296.15,345.352,308.93,5253.86,0.0958277,0,0
4.75,0.321439,307.461,306.637,303.589,253.259,56.7497,8.44286,256.906,345.352,308.93,5253.86,0.095886,0,0
4.91667,0.279829,307.182,306.63,303.582,253.255,36.2003,8.30387,217.556,345.352,308.93,5253.86,0.0959663,0,0
5.08333,0.237686,306.869,306.618,303.57,253.25,15.6349,8.15025,178.306,345.35,307.306,5253.86,0.0960719,0,0
5.25,0.19509,306.44,306.554,303.554,253.243,-2.87254,7.95322,140.114,345.35,307.306,5253.86,0.0978363,0,0
5.41667,0.152123,305.776,306.348,303.537,253.234,-14.6128,7.67832,102.949,345.35,307.306,5253.86,0.100156,0,0
5.58333,0.108867,304.972,306.034,303.519,253.225,-23.3065,7.34846,67.4579,344.788,304.386,5253.86,0.102742,0,0
5.75,0.0654031,304.144,305.667,303.499,253.213,-31.8881,7.00987,35.8867,344.788,304.386,4006,0.105502,0,0
5.91667,0.0218149,303.333,305.27,303.478,253.201,-39.3247,6.68297,9.35236,344.788,304.386,75.7432,0.108395,0,0
6.08333,0,302.679,304.876,303.456,253.187,-42.5857,6.41096,0,342.54,299.429,75.7432,0.111266,0,0
6.25,0,302.231,304.538,303.434,253.172,-43.9586,6.21686,0,342.54,299.429,75.7432,0.113816,0,0
6.41667,0,301.859,304.235,303.411,253.158,-44.755,6.06423,0,342.54,299.429,75.7432,0.116154,0,0
6.58333,0,301.499,303.947,303.387,253.144,-45.4972,5.9247,0,340.106,296.443,37.8859,0.118413,0,0
6.75,0,301.197,303.683,303.361,253.13,-45.8931,5.80549,0,340.106,296.443,37.8859,0.120532,0,0
6.91667,0,300.925,303.437,303.335,253.116,-46.1216,5.70093,0,340.106,296.443,37.8859,0.122542,0,0
7.08333,0,300.649,303.2,303.306,253.102,-46.6113,5.59938,0,338.068,294.533,37.8859,0.124508,0,0
7.25,0,300.409,302.977,303.277,253.088,-46.7415,5.5091,0,338.068,294.533,37.8859,0.126387,0,0
7.41667,0,300.188,302.767,303.246,253.074,-46.7742,5.42746,0,338.068,294.533,37.8859,0.128194,0,0
7.58333,0,299.958,302.561,303.214,253.06,-47.1049,5.34603,0,336.277,293.017,37.8859,0.129979,0,0
7.75,0,299.756,302.366,303.181,253.046,-47.1123,5.27235,0,336.277,293.017,37.8859,0.131699,0,0
7.91667,0,299.567,302.18,303.148,253.032,-47.0513,5.2047,0,336.277,293.017,37.8859,0.133366,0,0
8.08333,0,299.367,301.996,303.111,253.018,-47.289,5.13617,0,334.662,291.733,37.8859,0.135022,0,0
8.25,0,299.19,301.821,303.074,253.004,-47.231,5.07354,0,334.662,291.733,37.8859,0.136626,0,0.000473382
8.41667,0,299.023,301.653,303.035,252.991,-47.12,5.01548,0,334.662,291.733,37.8859,0.138189,0,0.00105135
8.58333,0,298.846,301.487,302.994,252.978,-47.299,4.95607,0,333.179,290.611,37.8859,0.139746,0,0.000808875
8.75,0,298.688,301.328,302.952,252.964,-47.2037,4.90139,0,333.179,290.611,37.8859,0.141262,0,0.00089344
8.91667,0,298.538,301.174,302.909,252.951,-47.0644,4.8504,0,333.179,290.611,37.8859,0.142742,0,0.000847073
9.08333,0,298.377,301.021,302.864,252.938,-47.2041,4.79781,0,331.802,289.607,37.8859,0.144221,0,0.000855298
9.25,0,298.233,300.874,302.818,252.924,-47.0867,4.7492,0,331.802,289.607,37.8859,0.145665,0,0.000839759
9.41667,0,298.096,300.732,302.771,252.911,-46.9313,4.70365,0,331.802,289.607,37.8859,0.147078,0,0.000833855
9.58333,0,297.949,300.591,302.723,252.898,-47.043,4.6564,0,330.513,288.693,37.8859,0.148495,0,0.000826105
9.75,0,297.817,300.454,302.674,252.885,-46.9124,4.61256,0,330.513,288.693,37.8859,0.149879,0,0.000817319
9.91667,0,297.691,300.321,302.624,252.872,-46.7479,4.57135,0,330.513,288.693,37.8859,0.151237,0,0.000809071
10.0833,0,297.554,300.189,302.573,252.859,-46.8391,4.5284,0,329.299,287.849,37.8859,0.1526,0,0.000802496
10.25,0,297.431,300.061,302.521,252.846,-46.7007,4.48844,0,329.299,287.849,37.8859,0.153934,0,0.000793592
10.4167,0,297.314,299.937,302.469,252.833,-46.5316,4.45078,0,329.299,287.849,37.8859,0.155245,0,0.000785737
10.5833,0,297.186,299.812,302.416,252.82,-46.6073,4.41138,0,328.148,287.064,37.8859,0.156563,0,0.000779258
10.75,0,297.071,299.692,302.363,252.808,-46.4646,4.37464,0,328.148,287.064,37.8859,0.157855,0,0.000770656
10.9167,0,296.962,299.575,302.309,252.795,-46.2936,4.33994,0,328.148,287.064,37.8859,0.159125,0,0.000763016
11.0833,0,296.842,299.457,302.254,252.782,-46.3575,4.30351,0,327.054,286.329,37.8859,0.160404,0,0.000756711
11.25,0,296.734,299.343,302.199,252.77,-46.2126,4.2695,0,327.054,286.329,37.8859,0.161659,0,0.00074837
11.4167,0,296.63,299.232,302.144,252.757,-46.0416,4.2373,0,327.054,286.329,37.8859,0.162893,0,0.000740952
11.5833,0,296.517,299.12,302.088,252.745,-46.096,4.20342,0,326.011,285.635,37.8859,0.164138,0,0.000734781
11.75,0,296.415,299.012,302.031,252.733,-45.9506,4.17174,0,326.011,285.635,37.8859,0.165361,0,0.000726707
11.9167,0,296.317,298.906,301.975,252.72,-45.7807,4.1417,0,326.011,285.635,37.8859,0.166564,0,0.000719499
12.0833,0,296.209,298.799,301.918,252.708,-45.8276,4.11002,0,325.012,284.979,37.8859,0.167779,0,0.000713485
12.25,0,296.113,298.696,301.861,252.696,-45.6828,4.08035,0,325.012,284.979,37.8859,0.168972,0,0.000705661
12.4167,0,296.02,298.595,301.803,252.684,-45.5148,4.0522,0,325.012,284.979,37.8859,0.170148,0,0.00069866
12.5833,0,295.917,298.493,301.746,252.671,-45.5559,4.02244,0,324.053,284.354,37.8859,0.171336,0,0.000692824
12.75,0,295.825,298.394,301.688,252.659,-45.4124,3.99454,0,324.053,284.354,37.8859,0.172503,0,0.00068523
12.9167,0,295.736,298.298,301.63,252.647,-45.2468,3.96803,0,324.053,284.354,37.8859,0.173654,0,0.000678435
13.0833,0,295.638,298.2,301.572,252.635,-45.2832,3.93996,0,323.129,283.758,37.8859,0.174818,0,0.000672775
13.25,0,295.55,298.105,301.513,252.623,-45.1414,3.91362,0,323.129,283.758,37.8859,0.175962,0,0.000665404
13.4167,0,295.465,298.012,301.455,252.612,-44.9786,3.88857,0,323.129,283.758,37.8859,0.177091,0,0.000658809
13.5833,0,295.371,297.919,301.396,252.6,-45.0112,3.862,0,322.238,283.187,37.8859,0.178233,0,0.000653324
13.75,0,295.287,297.828,301.338,252.588,-44.8715,3.83705,0,322.238,283.187,37.8859,0.179356,0,0.000646166
13.9167,0,295.205,297.738,301.279,252.576,-44.7116,3.8133,0,322.238,283.187,37.8859,0.180465,0,0.000639766
14.0833,0,295.115,297.648,301.22,252.565,-44.741,3.78809,0,321.377,282.639,37.8859,0.181587,0,0.000634453
14.25,0,295.034,297.56,301.161,252.553,-44.6036,3.76438,0,321.377,282.639,37.8859,0.182692,0,0.000627502
14.4167,0,294.955,297.474,301.103,252.542,-44.4469,3.7418,0,321.377,282.639,37.8859,0.183782,0,0.00062129
14.5833,0,294.868,297.387,301.044,252.53,-44.4736,3.71779,0,320.543,282.112,37.8859,0.184886,0,0.000616147
14.75,0,294.79,297.302,300.985,252.519,-44.3386,3.69521,0,320.543,282.112,37.8859,0.185974,0,0.000609395
14.9167,0,294.715,297.219,300.926,252.507,-44.185,3.67369,0,320.543,282.112,37.8859,0.187047,0,0.000603367
15.0833,0,294.631,297.135,300.867,252.496,-44.2095,3.65078,0,319.735,281.603,37.8859,0.188135,0,0.000598391
15.25,0,294.555,297.053,300.808,252.484,-44.077,3.62922,0,319.735,281.603,37.8859,0.189207,0,0.00059183
15.4167,0,294.482,296.972,300.749,252.473,-43.9265,3.60865,0,319.735,281.603,37.8859,0.190265,0,0.000585981
15.5833,0,294.401,296.891,300.691,252.462,-43.949,3.58674,0,318.951,281.112,37.8859,0.191338,0,0.000581168
15.75,0,294.328,296.812,300.632,252.451,-43.819,3.56611,0,318.951,281.112,37.8859,0.192395,0,0.000574793
15.9167,0,294.257,296.734,300.573,252.44,-43.6716,3.54642,0,318.951,281.112,37.8859,0.193439,0,0.000569116
16.0833,0,294.179,296.655,300.515,252.429,-43.6925,3.52542,0,318.188,280.636,37.8859,0.194499,0,0.000564463
16.25,0,294.108,296.578,300.456,252.418,-43.565,3.50564,0,318.188,280.636,37.8859,0.195542,0,0.000558267
16.4167,0,294.04,296.502,300.398,252.407,-43.4207,3.48675,0,318.188,280.636,37.8859,0.196574,0,0.000552759
16.5833,0,293.963,296.425,300.339,252.396,-43.4402,3.46659,0,317.446,280.175,37.8859,0.197621,0,0.000548262
16.75,0,293.895,296.35,300.281,252.385,-43.3152,3.44758,0,317.446,280.175,37.8859,0.198652,0,0.000542238
16.9167,0,293.828,296.277,300.223,252.374,-43.1738,3.42943,0,317.446,280.175,37.8859,0.199671,0,0.000536893
17.0833,0,293.754,296.202,300.165,252.363,-43.1921,3.41004,0,316.724,279.727,37.8859,0.200706,0,0.000532549
17.25,0,293.688,296.13,300.107,252.352,-43.0695,3.39176,0,316.724,279.727,37.8859,0.201726,0,0.000526693
17.4167,0,293.623,296.058,300.049,252.342,-42.9311,3.37429,0,316.724,279.727,37.8859,0.202735,0,0.000581573
17.5833,0,293.551,295.986,299.991,252.331,-42.9483,3.35562,0,316.02,279.293,37.8859,0.203759,0,0.000580342
17.75,0,293.486,295.915,299.934,252.32,-42.8281,3.338,0,316.02,279.293,37.8859,0.204768,0,0.000682129
17.9167,0,293.424,295.845,299.876,252.31,-42.6925,3.32116,0,316.02,279.293,37.8859,0.205766,0,0.000765802
18.0833,0.0218149,293.479,295.808,299.82,252.3,-40.8796,3.32661,9.35236,315.333,278.874,37.8859,0.20637,0,0.000593834
18.25,0.0654031,293.816,295.858,299.764,252.292,-35.1572,3.39054,35.8867,315.333,278.874,37.8859,0.205907,0,0.00151825
18.4167,0.108867,294.332,295.994,299.709,252.286,-27.6537,3.50402,67.4579,315.333,278.874,75.7432,0.204418,0,0.0035872
18.5833,0.152123,295.011,296.224,299.657,252.282,-19.3952,3.66322,102.949,315.279,280.444,75.7432,0.201846,0,0.00464274
18.75,0.19509,295.804,296.527,299.605,252.279,-9.87754,3.85962,140.114,315.279,280.444,75.7432,0.198465,0,0.00510826
18.9167,0.237686,296.684,296.901,299.555,252.277,0.287442,4.08969,178.306,315.279,280.444,75.7432,0.194359,0,0.00523226
19.0833,0.279829,297.563,297.362,299.51,252.277,13.2535,4.35615,217.556,316.702,284.687,138.781,0.188951,0,0.00514888
19.25,0.321439,298.319,297.832,299.466,252.278,30.9426,4.60433,256.906,316.702,284.687,138.781,0.183285,0,0.0050139
19.4167,0.362438,299.073,298.337,299.424,252.281,47.5275,4.84534,296.15,316.702,284.687,138.781,0.176556,0,0.00483028
19.5833,0.402747,299.762,298.782,299.389,252.286,66.7704,5.09717,335.801,319.635,289.14,226.913,0.17214,0,0.00458212
19.75,0.442289,300.449,299.279,299.357,252.292,84.1543,5.33146,374.697,319.635,289.14,226.913,0.167349,0,0.00434196
19.9167,0.480989,301.153,299.79,299.331,252.3,99.6064,5.57961,412.765,319.635,289.14,226.913,0.160687,0,0.00410866
20.0833,0.518773,301.781,300.193,299.317,252.309,118.448,5.83928,450.44,323.207,293.14,226.913,0.157086,0,0.00384437
20.25,0.55557,302.395,300.632,299.314,252.319,135.794,6.0719,487.629,323.207,293.14,340.017,0.153273,0,0.00360735
20.4167,0.59131,303.021,301.1,299.321,252.331,151.209,6.31345,523.749,323.207,293.14,340.017,0.14932,0,0.00338893
20.5833,0.625923,303.65,301.532,299.381,252.344,167.124,6.57786,558.732,326.85,296.835,340.017,0.143815,0,0.00314533
20.75,0.659346,304.188,301.902,299.508,252.359,183.826,6.82003,592.672,326.85,296.835,490.44,0.140908,0,0.00292949
20.9167,0.691513,304.729,302.293,299.652,252.374,198.939,7.04843,625.735,326.85,296.835,490.44,0.137908,0,0.00273523
21.0833,0.722364,305.293,302.706,299.813,252.391,213.901,7.292,657.446,330.444,300.301,490.44,0.13482,0,0.00251842
21.25,0.75184,305.805,303.061,300.067,252.408,227.373,7.54033,687.743,330.444,300.301,691.56,0.130334,0,0.00232949
21.4167,0.779884,306.267,303.386,300.383,252.427,241.608,7.76238,716.57,330.444,300.301,691.56,0.128059,0,0.00216004
21.5833,0.806445,306.744,303.727,300.714,252.447,255.409,7.9845,743.942,333.96,303.5,955.61,0.125724,0,0.00196783
21.75,0.83147,307.208,304.076,301.053,252.468,266.952,8.20442,769.943,333.96,303.5,4006,0.1213,0,0.00180481
21.9167,0.854912,307.6,304.337,301.312,252.489,278.89,8.42702,794.3,333.96,303.5,4006,0.11963,0,0.00166329
22.0833,0.876727,307.991,304.609,301.581,252.511,291.337,8.62186,816.966,337.19,306.338,4006,0.117918,0,0.00149882
22.25,0.896873,308.341,304.848,301.818,252.544,301.642,8.81465,837.898,337.19,306.338,4006,0.108946,0,0.0417467
22.4167,0.915311,308.556,304.923,301.892,252.567,314.014,9.00738,857.057,337.19,306.338,4006,0.108508,0,0
22.5833,0.932008,308.739,304.993,301.961,252.594,326.249,9.11184,874.483,338.841,308.397,4006,0.107712,0,0.0151599
22.75,0.94693,308.901,305.064,302.031,252.619,336.166,9.20168,890.086,338.841,308.397,4006,0.107179,0,0.00301833
22.9167,0.96005,309.043,305.127,302.094,252.644,344.819,9.28032,903.804,338.841,308.397,4006,0.106812,0,0
23.0833,0.971342,309.177,305.189,302.155,252.669,352.482,9.35367,915.611,339.625,309.552,4006,0.10648,0,0
23.25,0.980785,309.298,305.253,302.218,252.694,358.756,9.41944,925.485,339.625,309.552,4006,0.106144,0,0
23.4167,0.988362,309.409,305.317,302.282,252.72,363.893,9.47998,933.406,339.625,309.552,5253.86,0.105804,0,0
23.5833,0.994056,309.514,305.382,302.346,252.745,368.261,9.53777,939.361,340.478,310.475,5253.86,0.105461,0,0
23.75,0.997859,309.607,305.447,302.41,252.771,371.349,9.58854,943.337,340.478,310.475,5253.86,0.105117,0,0
23.9167,0.999762,309.691,305.512,302.475,252.797,373.385,9.63406,945.327,340.478,310.475,5253.86,0.104774,0,0
