case,shield,dry_pressure_pa,base,base_pressure_pa,base_temperature_k,deposited_heat_w_m2,atomic_o_fraction_at_top,status,exobase_temperature_k,exobase_radius_R,molecular_loss_kg_s,jeans_lambda_N2,flags
moon_1.2atm_titania_stack,titania_stack,121590.0,middle_atmosphere,0.3,163.29,0.0,3.42443e-21,converged,163.28874239633762,1.9800262779679692,4.121470178071853e-08,29.406870558730528,MOLECULAR_LIMIT_ONLY PRESCRIBED_LOWER_ATMOSPHERE NO_IR_COOLING NET_HEATING_INPUT_NOT_SPECTRAL_PREDICTION FIXED_MIXING_RATIO
moon_1.2atm_titania_stack,titania_stack,121590.0,middle_atmosphere,0.3,163.29,1e-06,3.42443e-21,converged,178.52192638590455,2.0565439682782984,1.169280420723148e-06,25.89682038423053,MOLECULAR_LIMIT_ONLY PRESCRIBED_LOWER_ATMOSPHERE NO_IR_COOLING NET_HEATING_INPUT_NOT_SPECTRAL_PREDICTION FIXED_MIXING_RATIO
moon_1.2atm_titania_stack,titania_stack,121590.0,middle_atmosphere,0.3,163.29,3e-06,3.42443e-21,converged,209.46438663789738,2.235569788122382,0.00023141355129632237,20.303811929580345,MOLECULAR_LIMIT_ONLY PRESCRIBED_LOWER_ATMOSPHERE NO_IR_COOLING NET_HEATING_INPUT_NOT_SPECTRAL_PREDICTION FIXED_MIXING_RATIO
moon_1.2atm_titania_stack,titania_stack,121590.0,middle_atmosphere,0.3,163.29,1e-05,3.42443e-21,converged,315.53376570220826,3.3324251283461224,7.300775354791225,9.04210960419449,MOLECULAR_LIMIT_ONLY PRESCRIBED_LOWER_ATMOSPHERE NO_IR_COOLING NET_HEATING_INPUT_NOT_SPECTRAL_PREDICTION FIXED_MIXING_RATIO KINETIC_ESCAPE_SENSITIVITY_REQUIRED
moon_1.2atm_titania_stack,titania_stack,121590.0,middle_atmosphere_top,0.1,168.1,0.0,3.42443e-21,converged,168.09699974975837,2.0376452589042553,2.0003447515404983e-07,27.7579550258925,MOLECULAR_LIMIT_ONLY PRESCRIBED_LOWER_ATMOSPHERE NO_IR_COOLING NET_HEATING_INPUT_NOT_SPECTRAL_PREDICTION FIXED_MIXING_RATIO
moon_1.2atm_titania_stack,titania_stack,121590.0,middle_atmosphere_top,0.1,168.1,1e-06,3.42443e-21,converged,182.3325433449398,2.108443421010041,3.553973724831337e-06,24.73146634858803,MOLECULAR_LIMIT_ONLY PRESCRIBED_LOWER_ATMOSPHERE NO_IR_COOLING NET_HEATING_INPUT_NOT_SPECTRAL_PREDICTION FIXED_MIXING_RATIO
moon_1.2atm_titania_stack,titania_stack,121590.0,middle_atmosphere_top,0.1,168.1,3e-06,3.42443e-21,converged,211.22897982478995,2.271751795292593,0.0003679869454732816,19.813519503489236,MOLECULAR_LIMIT_ONLY PRESCRIBED_LOWER_ATMOSPHERE NO_IR_COOLING NET_HEATING_INPUT_NOT_SPECTRAL_PREDICTION FIXED_MIXING_RATIO
moon_1.2atm_titania_stack,titania_stack,121590.0,middle_atmosphere_top,0.1,168.1,1e-05,3.42443e-21,converged,312.53223700672186,3.229859322216228,5.203872017048886,9.418843498513246,MOLECULAR_LIMIT_ONLY PRESCRIBED_LOWER_ATMOSPHERE NO_IR_COOLING NET_HEATING_INPUT_NOT_SPECTRAL_PREDICTION FIXED_MIXING_RATIO KINETIC_ESCAPE_SENSITIVITY_REQUIRED
moon_1.2atm_titania_stack,titania_stack,121590.0,middle_atmosphere,10.0,162.46,0.0,3.42443e-21,converged,162.45730177943534,1.9704480380178657,3.108220456440211e-08,29.701048818614,MOLECULAR_LIMIT_ONLY PRESCRIBED_LOWER_ATMOSPHERE NO_IR_COOLING NET_HEATING_INPUT_NOT_SPECTRAL_PREDICTION FIXED_MIXING_RATIO
moon_1.2atm_titania_stack,titania_stack,121590.0,middle_atmosphere,10.0,162.46,1e-06,3.42443e-21,converged,181.05270394796423,2.0855125218362116,2.3157124498739905e-06,25.1801429437273,MOLECULAR_LIMIT_ONLY PRESCRIBED_LOWER_ATMOSPHERE NO_IR_COOLING NET_HEATING_INPUT_NOT_SPECTRAL_PREDICTION FIXED_MIXING_RATIO
moon_1.2atm_titania_stack,titania_stack,121590.0,middle_atmosphere,10.0,162.46,3e-06,3.42443e-21,converged,218.98576122488478,2.376267760805211,0.0015705327589123192,18.271102542185403,MOLECULAR_LIMIT_ONLY PRESCRIBED_LOWER_ATMOSPHERE NO_IR_COOLING NET_HEATING_INPUT_NOT_SPECTRAL_PREDICTION FIXED_MIXING_RATIO
moon_1.2atm_titania_stack,titania_stack,121590.0,middle_atmosphere,10.0,162.46,1e-05,3.42443e-21,converged,313.65712950849,4.051755526743225,29.936214788349634,7.481309321182302,MOLECULAR_LIMIT_ONLY PRESCRIBED_LOWER_ATMOSPHERE NO_IR_COOLING NET_HEATING_INPUT_NOT_SPECTRAL_PREDICTION FIXED_MIXING_RATIO KINETIC_ESCAPE_SENSITIVITY_REQUIRED EARTH_TIDES_REQUIRE_REVIEW
moon_1.2atm_titania_stack,titania_stack,121590.0,baseline_180K,0.1,180.0,0.0,3.42443e-21,converged,179.99999145900597,2.1989298638585146,7.083150651170422e-06,24.021058792959085,MOLECULAR_LIMIT_ONLY PRESCRIBED_LOWER_ATMOSPHERE NO_IR_COOLING NET_HEATING_INPUT_NOT_SPECTRAL_PREDICTION FIXED_MIXING_RATIO
moon_1.2atm_titania_stack,titania_stack,121590.0,baseline_180K,0.1,180.0,1e-06,3.42443e-21,converged,194.3880545977243,2.2845377516748324,8.345555595783384e-05,21.409577435947558,MOLECULAR_LIMIT_ONLY PRESCRIBED_LOWER_ATMOSPHERE NO_IR_COOLING NET_HEATING_INPUT_NOT_SPECTRAL_PREDICTION FIXED_MIXING_RATIO
moon_1.2atm_titania_stack,titania_stack,121590.0,baseline_180K,0.1,180.0,3e-06,3.42443e-21,converged,223.64060526926986,2.485714005130814,0.004710577808463029,17.103074597621948,MOLECULAR_LIMIT_ONLY PRESCRIBED_LOWER_ATMOSPHERE NO_IR_COOLING NET_HEATING_INPUT_NOT_SPECTRAL_PREDICTION FIXED_MIXING_RATIO
moon_1.2atm_titania_stack,titania_stack,121590.0,baseline_180K,0.1,180.0,1e-05,3.42443e-21,converged,316.54736458231366,3.623934676213993,14.436140373645463,8.288137462081341,MOLECULAR_LIMIT_ONLY PRESCRIBED_LOWER_ATMOSPHERE NO_IR_COOLING NET_HEATING_INPUT_NOT_SPECTRAL_PREDICTION FIXED_MIXING_RATIO KINETIC_ESCAPE_SENSITIVITY_REQUIRED EARTH_TIDES_REQUIRE_REVIEW
moon_1.2atm_titania_stack,titania_stack,121590.0,line_by_line_corrected_top,0.1,127.41,0.0,3.42443e-21,converged,127.41,1.6465183582297178,8.67938809884859e-15,45.321671137230055,MOLECULAR_LIMIT_ONLY PRESCRIBED_LOWER_ATMOSPHERE NO_IR_COOLING NET_HEATING_INPUT_NOT_SPECTRAL_PREDICTION FIXED_MIXING_RATIO
moon_1.2atm_titania_stack,titania_stack,121590.0,line_by_line_corrected_top,0.1,127.41,1e-06,3.42443e-21,converged,141.22286263253216,1.6883910994355618,1.688849530741904e-12,39.87474728220915,MOLECULAR_LIMIT_ONLY PRESCRIBED_LOWER_ATMOSPHERE NO_IR_COOLING NET_HEATING_INPUT_NOT_SPECTRAL_PREDICTION FIXED_MIXING_RATIO
moon_1.2atm_titania_stack,titania_stack,121590.0,line_by_line_corrected_top,0.1,127.41,3e-06,3.42443e-21,converged,169.15388709008974,1.781163814952021,5.0464974192951656e-09,31.55659690805672,MOLECULAR_LIMIT_ONLY PRESCRIBED_LOWER_ATMOSPHERE NO_IR_COOLING NET_HEATING_INPUT_NOT_SPECTRAL_PREDICTION FIXED_MIXING_RATIO
moon_1.2atm_titania_stack,titania_stack,121590.0,line_by_line_corrected_top,0.1,127.41,1e-05,3.42443e-21,converged,271.0241042847977,2.2555259400914065,0.018532850238966385,15.553218178382343,MOLECULAR_LIMIT_ONLY PRESCRIBED_LOWER_ATMOSPHERE NO_IR_COOLING NET_HEATING_INPUT_NOT_SPECTRAL_PREDICTION FIXED_MIXING_RATIO
moon_1.2atm_edge_310nm,edge_310nm,121590.0,middle_atmosphere,0.3,166.91,0.0,7.4441e-07,converged,166.90621571515,2.0230104173319203,1.3636215146724707e-07,28.15823172656118,MOLECULAR_LIMIT_ONLY PRESCRIBED_LOWER_ATMOSPHERE NO_IR_COOLING NET_HEATING_INPUT_NOT_SPECTRAL_PREDICTION FIXED_MIXING_RATIO
moon_1.2atm_edge_310nm,edge_310nm,121590.0,middle_atmosphere,0.3,166.91,1e-06,7.4441e-07,converged,182.18252661003442,2.1036983371429616,3.3040491701511707e-06,24.807661293093116,MOLECULAR_LIMIT_ONLY PRESCRIBED_LOWER_ATMOSPHERE NO_IR_COOLING NET_HEATING_INPUT_NOT_SPECTRAL_PREDICTION FIXED_MIXING_RATIO
moon_1.2atm_edge_310nm,edge_310nm,121590.0,middle_atmosphere,0.3,166.91,3e-06,7.4441e-07,converged,213.2275313089381,2.293516863453856,0.0005222305443008651,19.441545751654132,MOLECULAR_LIMIT_ONLY PRESCRIBED_LOWER_ATMOSPHERE NO_IR_COOLING NET_HEATING_INPUT_NOT_SPECTRAL_PREDICTION FIXED_MIXING_RATIO
moon_1.2atm_edge_310nm,edge_310nm,121590.0,middle_atmosphere,0.3,166.91,1e-05,7.4441e-07,converged,316.7107341005858,3.4455024075899274,9.82756627255532,8.712858631616818,MOLECULAR_LIMIT_ONLY PRESCRIBED_LOWER_ATMOSPHERE NO_IR_COOLING NET_HEATING_INPUT_NOT_SPECTRAL_PREDICTION FIXED_MIXING_RATIO KINETIC_ESCAPE_SENSITIVITY_REQUIRED
moon_1.2atm_edge_310nm,edge_310nm,121590.0,middle_atmosphere_top,0.1,169.6,0.0,7.4441e-07,converged,169.60199959862322,2.0565019670650293,3.223021768946773e-07,27.2593760372213,MOLECULAR_LIMIT_ONLY PRESCRIBED_LOWER_ATMOSPHERE NO_IR_COOLING NET_HEATING_INPUT_NOT_SPECTRAL_PREDICTION FIXED_MIXING_RATIO
moon_1.2atm_edge_310nm,edge_310nm,121590.0,middle_atmosphere_top,0.1,169.6,1e-06,7.4441e-07,converged,183.85594619785533,2.128939907880173,5.409539933031486e-06,24.29041444842808,MOLECULAR_LIMIT_ONLY PRESCRIBED_LOWER_ATMOSPHERE NO_IR_COOLING NET_HEATING_INPUT_NOT_SPECTRAL_PREDICTION FIXED_MIXING_RATIO
moon_1.2atm_edge_310nm,edge_310nm,121590.0,middle_atmosphere_top,0.1,169.6,3e-06,7.4441e-07,converged,212.7953572478207,2.2963849981582607,0.0005152618143682977,19.45669893373564,MOLECULAR_LIMIT_ONLY PRESCRIBED_LOWER_ATMOSPHERE NO_IR_COOLING NET_HEATING_INPUT_NOT_SPECTRAL_PREDICTION FIXED_MIXING_RATIO
moon_1.2atm_edge_310nm,edge_310nm,121590.0,middle_atmosphere_top,0.1,169.6,1e-05,7.4441e-07,converged,313.38605906692794,3.2783722496841303,6.039112550825212,9.254182720602945,MOLECULAR_LIMIT_ONLY PRESCRIBED_LOWER_ATMOSPHERE NO_IR_COOLING NET_HEATING_INPUT_NOT_SPECTRAL_PREDICTION FIXED_MIXING_RATIO KINETIC_ESCAPE_SENSITIVITY_REQUIRED
moon_1.2atm_edge_310nm,edge_310nm,121590.0,middle_atmosphere,10.0,178.55,0.0,7.4441e-07,converged,178.55087435083212,2.1777010018146092,4.698850126278879e-06,24.452078200207104,MOLECULAR_LIMIT_ONLY PRESCRIBED_LOWER_ATMOSPHERE NO_IR_COOLING NET_HEATING_INPUT_NOT_SPECTRAL_PREDICTION FIXED_MIXING_RATIO
moon_1.2atm_edge_310nm,edge_310nm,121590.0,middle_atmosphere,10.0,178.55,1e-06,7.4441e-07,converged,197.3528208435534,2.324986616189253,0.0001600203431895175,20.72107166014403,MOLECULAR_LIMIT_ONLY PRESCRIBED_LOWER_ATMOSPHERE NO_IR_COOLING NET_HEATING_INPUT_NOT_SPECTRAL_PREDICTION FIXED_MIXING_RATIO
moon_1.2atm_edge_310nm,edge_310nm,121590.0,middle_atmosphere,10.0,178.55,3e-06,7.4441e-07,converged,235.7758938266489,2.7127718903728777,0.03800940079788698,14.864945853583452,MOLECULAR_LIMIT_ONLY PRESCRIBED_LOWER_ATMOSPHERE NO_IR_COOLING NET_HEATING_INPUT_NOT_SPECTRAL_PREDICTION FIXED_MIXING_RATIO KINETIC_ESCAPE_SENSITIVITY_REQUIRED
moon_1.2atm_edge_310nm,edge_310nm,121590.0,middle_atmosphere,10.0,178.55,1e-05,7.4441e-07,converged,306.4664394246082,4.445995229164249,47.41095835493343,6.977889586625924,MOLECULAR_LIMIT_ONLY PRESCRIBED_LOWER_ATMOSPHERE NO_IR_COOLING NET_HEATING_INPUT_NOT_SPECTRAL_PREDICTION FIXED_MIXING_RATIO KINETIC_ESCAPE_SENSITIVITY_REQUIRED EARTH_TIDES_REQUIRE_REVIEW
moon_1.2atm_edge_310nm,edge_310nm,121590.0,baseline_180K,0.1,180.0,0.0,7.4441e-07,converged,179.99999145900597,2.1989298638585146,7.083150651170422e-06,24.021058792959085,MOLECULAR_LIMIT_ONLY PRESCRIBED_LOWER_ATMOSPHERE NO_IR_COOLING NET_HEATING_INPUT_NOT_SPECTRAL_PREDICTION FIXED_MIXING_RATIO
moon_1.2atm_edge_310nm,edge_310nm,121590.0,baseline_180K,0.1,180.0,1e-06,7.4441e-07,converged,194.3880545977243,2.2845377516748324,8.345555595783384e-05,21.409577435947558,MOLECULAR_LIMIT_ONLY PRESCRIBED_LOWER_ATMOSPHERE NO_IR_COOLING NET_HEATING_INPUT_NOT_SPECTRAL_PREDICTION FIXED_MIXING_RATIO
moon_1.2atm_edge_310nm,edge_310nm,121590.0,baseline_180K,0.1,180.0,3e-06,7.4441e-07,converged,223.64060526926986,2.485714005130814,0.004710577808463029,17.103074597621948,MOLECULAR_LIMIT_ONLY PRESCRIBED_LOWER_ATMOSPHERE NO_IR_COOLING NET_HEATING_INPUT_NOT_SPECTRAL_PREDICTION FIXED_MIXING_RATIO
moon_1.2atm_edge_310nm,edge_310nm,121590.0,baseline_180K,0.1,180.0,1e-05,7.4441e-07,converged,316.54736458231366,3.623934676213993,14.436140373645463,8.288137462081341,MOLECULAR_LIMIT_ONLY PRESCRIBED_LOWER_ATMOSPHERE NO_IR_COOLING NET_HEATING_INPUT_NOT_SPECTRAL_PREDICTION FIXED_MIXING_RATIO KINETIC_ESCAPE_SENSITIVITY_REQUIRED EARTH_TIDES_REQUIRE_REVIEW
moon_1.2atm_edge_200nm,edge_200nm,121590.0,middle_atmosphere,0.3,200.22,0.0,0.000254586,converged,200.21555396727854,2.555704357071701,0.0012232586891667233,18.580935754944242,MOLECULAR_LIMIT_ONLY PRESCRIBED_LOWER_ATMOSPHERE NO_IR_COOLING NET_HEATING_INPUT_NOT_SPECTRAL_PREDICTION FIXED_MIXING_RATIO
moon_1.2atm_edge_200nm,edge_200nm,121590.0,middle_atmosphere,0.3,200.22,1e-06,0.000254586,converged,215.95605777896566,2.7005586789684823,0.010228832943521976,16.302604735028922,MOLECULAR_LIMIT_ONLY PRESCRIBED_LOWER_ATMOSPHERE NO_IR_COOLING NET_HEATING_INPUT_NOT_SPECTRAL_PREDICTION FIXED_MIXING_RATIO
moon_1.2atm_edge_200nm,edge_200nm,121590.0,middle_atmosphere,0.3,200.22,3e-06,0.000254586,converged,247.79434777600173,3.064870175342681,0.3338587154019565,12.519083305805973,MOLECULAR_LIMIT_ONLY PRESCRIBED_LOWER_ATMOSPHERE NO_IR_COOLING NET_HEATING_INPUT_NOT_SPECTRAL_PREDICTION FIXED_MIXING_RATIO KINETIC_ESCAPE_SENSITIVITY_REQUIRED
moon_1.2atm_edge_200nm,edge_200nm,121590.0,middle_atmosphere,0.3,200.22,1e-05,0.000254586,converged,307.5258778580808,4.508972976443975,52.69275892375855,6.856724638326003,MOLECULAR_LIMIT_ONLY PRESCRIBED_LOWER_ATMOSPHERE NO_IR_COOLING NET_HEATING_INPUT_NOT_SPECTRAL_PREDICTION FIXED_MIXING_RATIO KINETIC_ESCAPE_SENSITIVITY_REQUIRED EARTH_TIDES_REQUIRE_REVIEW
moon_1.2atm_edge_200nm,edge_200nm,121590.0,middle_atmosphere_top,0.1,185.83,0.0,0.000254586,converged,185.82595890566145,2.289412275293679,3.472878071745475e-05,22.34835794012779,MOLECULAR_LIMIT_ONLY PRESCRIBED_LOWER_ATMOSPHERE NO_IR_COOLING NET_HEATING_INPUT_NOT_SPECTRAL_PREDICTION FIXED_MIXING_RATIO
moon_1.2atm_edge_200nm,edge_200nm,121590.0,middle_atmosphere_top,0.1,185.83,1e-06,0.000254586,converged,200.29493068900308,2.3841301233211674,0.0003445869962393476,19.910221674871647,MOLECULAR_LIMIT_ONLY PRESCRIBED_LOWER_ATMOSPHERE NO_IR_COOLING NET_HEATING_INPUT_NOT_SPECTRAL_PREDICTION FIXED_MIXING_RATIO
moon_1.2atm_edge_200nm,edge_200nm,121590.0,middle_atmosphere_top,0.1,185.83,3e-06,0.000254586,converged,229.73134888137972,2.609128132375764,0.0150386619701369,15.862087385441793,MOLECULAR_LIMIT_ONLY PRESCRIBED_LOWER_ATMOSPHERE NO_IR_COOLING NET_HEATING_INPUT_NOT_SPECTRAL_PREDICTION FIXED_MIXING_RATIO
moon_1.2atm_edge_200nm,edge_200nm,121590.0,middle_atmosphere_top,0.1,185.83,1e-05,0.000254586,converged,316.32317981904004,3.8220792811071576,21.156924107407857,7.8640324905651955,MOLECULAR_LIMIT_ONLY PRESCRIBED_LOWER_ATMOSPHERE NO_IR_COOLING NET_HEATING_INPUT_NOT_SPECTRAL_PREDICTION FIXED_MIXING_RATIO KINETIC_ESCAPE_SENSITIVITY_REQUIRED EARTH_TIDES_REQUIRE_REVIEW
moon_1.2atm_edge_200nm,edge_200nm,121590.0,middle_atmosphere,10.0,252.81,0.0,0.000254586,converged,240.11665105854647,4.444608093653113,9.447399215459358,8.90882151011179,MOLECULAR_LIMIT_ONLY PRESCRIBED_LOWER_ATMOSPHERE NO_IR_COOLING NET_HEATING_INPUT_NOT_SPECTRAL_PREDICTION FIXED_MIXING_RATIO KINETIC_ESCAPE_SENSITIVITY_REQUIRED EARTH_TIDES_REQUIRE_REVIEW
moon_1.2atm_edge_200nm,edge_200nm,121590.0,middle_atmosphere,10.0,252.81,1e-06,0.000254586,converged,246.34667306889355,4.785549734950198,20.01294674160809,8.064871882364317,MOLECULAR_LIMIT_ONLY PRESCRIBED_LOWER_ATMOSPHERE NO_IR_COOLING NET_HEATING_INPUT_NOT_SPECTRAL_PREDICTION FIXED_MIXING_RATIO KINETIC_ESCAPE_SENSITIVITY_REQUIRED EARTH_TIDES_REQUIRE_REVIEW
moon_1.2atm_edge_200nm,edge_200nm,121590.0,middle_atmosphere,10.0,252.81,3e-06,0.000254586,converged,252.09639039413318,5.315282680689938,47.0917779385395,7.095500164588656,MOLECULAR_LIMIT_ONLY PRESCRIBED_LOWER_ATMOSPHERE NO_IR_COOLING NET_HEATING_INPUT_NOT_SPECTRAL_PREDICTION FIXED_MIXING_RATIO KINETIC_ESCAPE_SENSITIVITY_REQUIRED EARTH_TIDES_REQUIRE_REVIEW
moon_1.2atm_edge_200nm,edge_200nm,121590.0,middle_atmosphere,10.0,252.81,1e-05,0.000254586,converged,253.5729452867713,6.6001418728387735,162.43655107308675,5.68093502537177,MOLECULAR_LIMIT_ONLY PRESCRIBED_LOWER_ATMOSPHERE NO_IR_COOLING NET_HEATING_INPUT_NOT_SPECTRAL_PREDICTION FIXED_MIXING_RATIO KINETIC_ESCAPE_SENSITIVITY_REQUIRED EARTH_TIDES_REQUIRE_REVIEW
moon_1.2atm_edge_200nm,edge_200nm,121590.0,baseline_180K,0.1,180.0,0.0,0.000254586,converged,179.99999145900597,2.1989298638585146,7.083150651170422e-06,24.021058792959085,MOLECULAR_LIMIT_ONLY PRESCRIBED_LOWER_ATMOSPHERE NO_IR_COOLING NET_HEATING_INPUT_NOT_SPECTRAL_PREDICTION FIXED_MIXING_RATIO
moon_1.2atm_edge_200nm,edge_200nm,121590.0,baseline_180K,0.1,180.0,1e-06,0.000254586,converged,194.3880545977243,2.2845377516748324,8.345555595783384e-05,21.409577435947558,MOLECULAR_LIMIT_ONLY PRESCRIBED_LOWER_ATMOSPHERE NO_IR_COOLING NET_HEATING_INPUT_NOT_SPECTRAL_PREDICTION FIXED_MIXING_RATIO
moon_1.2atm_edge_200nm,edge_200nm,121590.0,baseline_180K,0.1,180.0,3e-06,0.000254586,converged,223.64060526926986,2.485714005130814,0.004710577808463029,17.103074597621948,MOLECULAR_LIMIT_ONLY PRESCRIBED_LOWER_ATMOSPHERE NO_IR_COOLING NET_HEATING_INPUT_NOT_SPECTRAL_PREDICTION FIXED_MIXING_RATIO
moon_1.2atm_edge_200nm,edge_200nm,121590.0,baseline_180K,0.1,180.0,1e-05,0.000254586,converged,316.54736458231366,3.623934676213993,14.436140373645463,8.288137462081341,MOLECULAR_LIMIT_ONLY PRESCRIBED_LOWER_ATMOSPHERE NO_IR_COOLING NET_HEATING_INPUT_NOT_SPECTRAL_PREDICTION FIXED_MIXING_RATIO KINETIC_ESCAPE_SENSITIVITY_REQUIRED EARTH_TIDES_REQUIRE_REVIEW
moon_1.2atm_edge_200nm,edge_200nm,121590.0,line_by_line_corrected_top,0.1,155.24,0.0,0.000254586,converged,155.23999999691156,1.891667578129209,2.3784040938279485e-09,32.37632520815964,MOLECULAR_LIMIT_ONLY PRESCRIBED_LOWER_ATMOSPHERE NO_IR_COOLING NET_HEATING_INPUT_NOT_SPECTRAL_PREDICTION FIXED_MIXING_RATIO
moon_1.2atm_edge_200nm,edge_200nm,121590.0,line_by_line_corrected_top,0.1,155.24,1e-06,0.000254586,converged,169.32746988489174,1.950560082236294,7.375450081277208e-08,28.78652600506947,MOLECULAR_LIMIT_ONLY PRESCRIBED_LOWER_ATMOSPHERE NO_IR_COOLING NET_HEATING_INPUT_NOT_SPECTRAL_PREDICTION FIXED_MIXING_RATIO
moon_1.2atm_edge_200nm,edge_200nm,121590.0,line_by_line_corrected_top,0.1,155.24,3e-06,0.000254586,converged,197.8808101353485,2.084270992528536,1.712753726943828e-05,23.052506020550833,MOLECULAR_LIMIT_ONLY PRESCRIBED_LOWER_ATMOSPHERE NO_IR_COOLING NET_HEATING_INPUT_NOT_SPECTRAL_PREDICTION FIXED_MIXING_RATIO
moon_1.2atm_edge_200nm,edge_200nm,121590.0,line_by_line_corrected_top,0.1,155.24,1e-05,0.000254586,converged,301.89421552154874,2.845841160583673,1.1648945030861686,11.066506921330838,MOLECULAR_LIMIT_ONLY PRESCRIBED_LOWER_ATMOSPHERE NO_IR_COOLING NET_HEATING_INPUT_NOT_SPECTRAL_PREDICTION FIXED_MIXING_RATIO KINETIC_ESCAPE_SENSITIVITY_REQUIRED
moon_1.2atm_none,none,121590.0,middle_atmosphere,0.3,201.84,0.0,0.000272132,converged,201.83923512350634,2.590432364345769,0.0017764890029009044,18.184365794587386,MOLECULAR_LIMIT_ONLY PRESCRIBED_LOWER_ATMOSPHERE NO_IR_COOLING NET_HEATING_INPUT_NOT_SPECTRAL_PREDICTION FIXED_MIXING_RATIO
moon_1.2atm_none,none,121590.0,middle_atmosphere,0.3,201.84,1e-06,0.000272132,converged,217.60334656105246,2.7403169133511485,0.014295457839218604,15.944453813414956,MOLECULAR_LIMIT_ONLY PRESCRIBED_LOWER_ATMOSPHERE NO_IR_COOLING NET_HEATING_INPUT_NOT_SPECTRAL_PREDICTION FIXED_MIXING_RATIO
moon_1.2atm_none,none,121590.0,middle_atmosphere,0.3,201.84,3e-06,0.000272132,converged,249.39652504127804,3.118191874752458,0.437237655230403,12.22595448604589,MOLECULAR_LIMIT_ONLY PRESCRIBED_LOWER_ATMOSPHERE NO_IR_COOLING NET_HEATING_INPUT_NOT_SPECTRAL_PREDICTION FIXED_MIXING_RATIO KINETIC_ESCAPE_SENSITIVITY_REQUIRED
moon_1.2atm_none,none,121590.0,middle_atmosphere,0.3,201.84,1e-05,0.000272132,converged,306.45915622684237,4.562805117142965,55.52968935471893,6.799414025467675,MOLECULAR_LIMIT_ONLY PRESCRIBED_LOWER_ATMOSPHERE NO_IR_COOLING NET_HEATING_INPUT_NOT_SPECTRAL_PREDICTION FIXED_MIXING_RATIO KINETIC_ESCAPE_SENSITIVITY_REQUIRED EARTH_TIDES_REQUIRE_REVIEW
moon_1.2atm_none,none,121590.0,middle_atmosphere_top,0.1,187.49,0.0,0.000272132,converged,187.48693676225847,2.316832991475987,5.3736078220057495e-05,21.88821096254266,MOLECULAR_LIMIT_ONLY PRESCRIBED_LOWER_ATMOSPHERE NO_IR_COOLING NET_HEATING_INPUT_NOT_SPECTRAL_PREDICTION FIXED_MIXING_RATIO
moon_1.2atm_none,none,121590.0,middle_atmosphere_top,0.1,187.49,1e-06,0.000272132,converged,201.9797666470785,2.4144293486702932,0.0005092485680340949,19.496364715728863,MOLECULAR_LIMIT_ONLY PRESCRIBED_LOWER_ATMOSPHERE NO_IR_COOLING NET_HEATING_INPUT_NOT_SPECTRAL_PREDICTION FIXED_MIXING_RATIO
moon_1.2atm_none,none,121590.0,middle_atmosphere_top,0.1,187.49,3e-06,0.000272132,converged,231.46820905778446,2.647026184298333,0.020737942422334395,15.517666697383234,MOLECULAR_LIMIT_ONLY PRESCRIBED_LOWER_ATMOSPHERE NO_IR_COOLING NET_HEATING_INPUT_NOT_SPECTRAL_PREDICTION FIXED_MIXING_RATIO
moon_1.2atm_none,none,121590.0,middle_atmosphere_top,0.1,187.49,1e-05,0.000272132,converged,316.0283516885103,3.8789713371265644,23.32351601261343,7.755921266137369,MOLECULAR_LIMIT_ONLY PRESCRIBED_LOWER_ATMOSPHERE NO_IR_COOLING NET_HEATING_INPUT_NOT_SPECTRAL_PREDICTION FIXED_MIXING_RATIO KINETIC_ESCAPE_SENSITIVITY_REQUIRED EARTH_TIDES_REQUIRE_REVIEW
moon_1.2atm_none,none,121590.0,middle_atmosphere,10.0,254.13,0.0,0.000272132,converged,240.0826883247076,4.50396493177803,10.49920495147781,8.792657619437858,MOLECULAR_LIMIT_ONLY PRESCRIBED_LOWER_ATMOSPHERE NO_IR_COOLING NET_HEATING_INPUT_NOT_SPECTRAL_PREDICTION FIXED_MIXING_RATIO KINETIC_ESCAPE_SENSITIVITY_REQUIRED EARTH_TIDES_REQUIRE_REVIEW
moon_1.2atm_none,none,121590.0,middle_atmosphere,10.0,254.13,1e-06,0.000272132,converged,245.9064299997382,4.839344414561035,21.436656585217392,7.98949982365834,MOLECULAR_LIMIT_ONLY PRESCRIBED_LOWER_ATMOSPHERE NO_IR_COOLING NET_HEATING_INPUT_NOT_SPECTRAL_PREDICTION FIXED_MIXING_RATIO KINETIC_ESCAPE_SENSITIVITY_REQUIRED EARTH_TIDES_REQUIRE_REVIEW
moon_1.2atm_none,none,121590.0,middle_atmosphere,10.0,254.13,3e-06,0.000272132,converged,251.29063762877234,5.363624656414832,48.93416554467419,7.0540952786401805,MOLECULAR_LIMIT_ONLY PRESCRIBED_LOWER_ATMOSPHERE NO_IR_COOLING NET_HEATING_INPUT_NOT_SPECTRAL_PREDICTION FIXED_MIXING_RATIO KINETIC_ESCAPE_SENSITIVITY_REQUIRED EARTH_TIDES_REQUIRE_REVIEW
moon_1.2atm_none,none,121590.0,middle_atmosphere,10.0,254.13,1e-05,0.000272132,converged,252.47696987693402,6.647255698019335,165.024471700051,5.665155745068291,MOLECULAR_LIMIT_ONLY PRESCRIBED_LOWER_ATMOSPHERE NO_IR_COOLING NET_HEATING_INPUT_NOT_SPECTRAL_PREDICTION FIXED_MIXING_RATIO KINETIC_ESCAPE_SENSITIVITY_REQUIRED EARTH_TIDES_REQUIRE_REVIEW
moon_1.2atm_none,none,121590.0,baseline_180K,0.1,180.0,0.0,0.000272132,converged,179.99999145900597,2.1989298638585146,7.083150651170422e-06,24.021058792959085,MOLECULAR_LIMIT_ONLY PRESCRIBED_LOWER_ATMOSPHERE NO_IR_COOLING NET_HEATING_INPUT_NOT_SPECTRAL_PREDICTION FIXED_MIXING_RATIO
moon_1.2atm_none,none,121590.0,baseline_180K,0.1,180.0,1e-06,0.000272132,converged,194.3880545977243,2.2845377516748324,8.345555595783384e-05,21.409577435947558,MOLECULAR_LIMIT_ONLY PRESCRIBED_LOWER_ATMOSPHERE NO_IR_COOLING NET_HEATING_INPUT_NOT_SPECTRAL_PREDICTION FIXED_MIXING_RATIO
moon_1.2atm_none,none,121590.0,baseline_180K,0.1,180.0,3e-06,0.000272132,converged,223.64060526926986,2.485714005130814,0.004710577808463029,17.103074597621948,MOLECULAR_LIMIT_ONLY PRESCRIBED_LOWER_ATMOSPHERE NO_IR_COOLING NET_HEATING_INPUT_NOT_SPECTRAL_PREDICTION FIXED_MIXING_RATIO
moon_1.2atm_none,none,121590.0,baseline_180K,0.1,180.0,1e-05,0.000272132,converged,316.54736458231366,3.623934676213993,14.436140373645463,8.288137462081341,MOLECULAR_LIMIT_ONLY PRESCRIBED_LOWER_ATMOSPHERE NO_IR_COOLING NET_HEATING_INPUT_NOT_SPECTRAL_PREDICTION FIXED_MIXING_RATIO KINETIC_ESCAPE_SENSITIVITY_REQUIRED EARTH_TIDES_REQUIRE_REVIEW
moon_1.0atm_edge_200nm,edge_200nm,101325.0,middle_atmosphere,0.3,200.76,0.0,0.00025498,converged,200.75687777607703,2.5185472630601233,0.0009543773631106938,18.804226346553186,MOLECULAR_LIMIT_ONLY PRESCRIBED_LOWER_ATMOSPHERE NO_IR_COOLING NET_HEATING_INPUT_NOT_SPECTRAL_PREDICTION FIXED_MIXING_RATIO
moon_1.0atm_edge_200nm,edge_200nm,101325.0,middle_atmosphere,0.3,200.76,1e-06,0.00025498,converged,216.3877275790495,2.6567097971757128,0.007910701825599997,16.538619847869313,MOLECULAR_LIMIT_ONLY PRESCRIBED_LOWER_ATMOSPHERE NO_IR_COOLING NET_HEATING_INPUT_NOT_SPECTRAL_PREDICTION FIXED_MIXING_RATIO
moon_1.0atm_edge_200nm,edge_200nm,101325.0,middle_atmosphere,0.3,200.76,3e-06,0.00025498,converged,248.06151734849888,3.002101972224055,0.25732051527725885,12.767068028695919,MOLECULAR_LIMIT_ONLY PRESCRIBED_LOWER_ATMOSPHERE NO_IR_COOLING NET_HEATING_INPUT_NOT_SPECTRAL_PREDICTION FIXED_MIXING_RATIO KINETIC_ESCAPE_SENSITIVITY_REQUIRED
moon_1.0atm_edge_200nm,edge_200nm,101325.0,middle_atmosphere,0.3,200.76,1e-05,0.00025498,converged,310.8350664776221,4.425094826519885,49.06211882126605,6.912313377659631,MOLECULAR_LIMIT_ONLY PRESCRIBED_LOWER_ATMOSPHERE NO_IR_COOLING NET_HEATING_INPUT_NOT_SPECTRAL_PREDICTION FIXED_MIXING_RATIO KINETIC_ESCAPE_SENSITIVITY_REQUIRED EARTH_TIDES_REQUIRE_REVIEW
moon_1.0atm_edge_200nm,edge_200nm,101325.0,middle_atmosphere_top,0.1,186.43,0.0,0.00025498,converged,186.42996666085318,2.263766399767522,2.8141622229083095e-05,22.528313274440666,MOLECULAR_LIMIT_ONLY PRESCRIBED_LOWER_ATMOSPHERE NO_IR_COOLING NET_HEATING_INPUT_NOT_SPECTRAL_PREDICTION FIXED_MIXING_RATIO
moon_1.0atm_edge_200nm,edge_200nm,101325.0,middle_atmosphere_top,0.1,186.43,1e-06,0.00025498,converged,200.8007511985803,2.3549044962222565,0.00027550681681785274,20.106541570757237,MOLECULAR_LIMIT_ONLY PRESCRIBED_LOWER_ATMOSPHERE NO_IR_COOLING NET_HEATING_INPUT_NOT_SPECTRAL_PREDICTION FIXED_MIXING_RATIO
moon_1.0atm_edge_200nm,edge_200nm,101325.0,middle_atmosphere_top,0.1,186.43,3e-06,0.00025498,converged,230.0267493532318,2.570349965006635,0.011835633004056783,16.080716943183695,MOLECULAR_LIMIT_ONLY PRESCRIBED_LOWER_ATMOSPHERE NO_IR_COOLING NET_HEATING_INPUT_NOT_SPECTRAL_PREDICTION FIXED_MIXING_RATIO
moon_1.0atm_edge_200nm,edge_200nm,101325.0,middle_atmosphere_top,0.1,186.43,1e-05,0.00025498,converged,318.340915955116,3.746126617709339,18.757675323864607,7.972620543918519,MOLECULAR_LIMIT_ONLY PRESCRIBED_LOWER_ATMOSPHERE NO_IR_COOLING NET_HEATING_INPUT_NOT_SPECTRAL_PREDICTION FIXED_MIXING_RATIO KINETIC_ESCAPE_SENSITIVITY_REQUIRED EARTH_TIDES_REQUIRE_REVIEW
moon_1.0atm_edge_200nm,edge_200nm,101325.0,middle_atmosphere,10.0,253.6,0.0,0.00025498,converged,242.46898659793814,4.342910112803009,8.244657134317256,9.028985804139559,MOLECULAR_LIMIT_ONLY PRESCRIBED_LOWER_ATMOSPHERE NO_IR_COOLING NET_HEATING_INPUT_NOT_SPECTRAL_PREDICTION FIXED_MIXING_RATIO KINETIC_ESCAPE_SENSITIVITY_REQUIRED EARTH_TIDES_REQUIRE_REVIEW
moon_1.0atm_edge_200nm,edge_200nm,101325.0,middle_atmosphere,10.0,253.6,1e-06,0.00025498,converged,249.282770823528,4.685062399239271,18.211180106278338,8.140823995123222,MOLECULAR_LIMIT_ONLY PRESCRIBED_LOWER_ATMOSPHERE NO_IR_COOLING NET_HEATING_INPUT_NOT_SPECTRAL_PREDICTION FIXED_MIXING_RATIO KINETIC_ESCAPE_SENSITIVITY_REQUIRED EARTH_TIDES_REQUIRE_REVIEW
moon_1.0atm_edge_200nm,edge_200nm,101325.0,middle_atmosphere,10.0,253.6,3e-06,0.00025498,converged,255.63883994629597,5.21474735986878,44.487019164133656,7.132074928814236,MOLECULAR_LIMIT_ONLY PRESCRIBED_LOWER_ATMOSPHERE NO_IR_COOLING NET_HEATING_INPUT_NOT_SPECTRAL_PREDICTION FIXED_MIXING_RATIO KINETIC_ESCAPE_SENSITIVITY_REQUIRED EARTH_TIDES_REQUIRE_REVIEW
moon_1.0atm_edge_200nm,edge_200nm,101325.0,middle_atmosphere,10.0,253.6,1e-05,0.00025498,converged,257.742533729953,6.485287929117631,158.03765110236657,5.688013943322721,MOLECULAR_LIMIT_ONLY PRESCRIBED_LOWER_ATMOSPHERE NO_IR_COOLING NET_HEATING_INPUT_NOT_SPECTRAL_PREDICTION FIXED_MIXING_RATIO KINETIC_ESCAPE_SENSITIVITY_REQUIRED EARTH_TIDES_REQUIRE_REVIEW
moon_1.0atm_edge_200nm,edge_200nm,101325.0,baseline_180K,0.1,180.0,0.0,0.00025498,converged,179.99999407648068,2.1677816397001424,4.899402151476387e-06,24.366210048975596,MOLECULAR_LIMIT_ONLY PRESCRIBED_LOWER_ATMOSPHERE NO_IR_COOLING NET_HEATING_INPUT_NOT_SPECTRAL_PREDICTION FIXED_MIXING_RATIO
moon_1.0atm_edge_200nm,edge_200nm,101325.0,baseline_180K,0.1,180.0,1e-06,0.00025498,converged,194.28434822576736,2.2495462641645396,5.790379268803398e-05,21.754207373676937,MOLECULAR_LIMIT_ONLY PRESCRIBED_LOWER_ATMOSPHERE NO_IR_COOLING NET_HEATING_INPUT_NOT_SPECTRAL_PREDICTION FIXED_MIXING_RATIO
moon_1.0atm_edge_200nm,edge_200nm,101325.0,baseline_180K,0.1,180.0,3e-06,0.00025498,converged,223.31250901795698,2.4406714111057934,0.0032986407650571607,17.444303862769946,MOLECULAR_LIMIT_ONLY PRESCRIBED_LOWER_ATMOSPHERE NO_IR_COOLING NET_HEATING_INPUT_NOT_SPECTRAL_PREDICTION FIXED_MIXING_RATIO
moon_1.0atm_edge_200nm,edge_200nm,101325.0,baseline_180K,0.1,180.0,1e-05,0.00025498,converged,317.95181150840966,3.531134561658051,11.987545835026339,8.468381931973687,MOLECULAR_LIMIT_ONLY PRESCRIBED_LOWER_ATMOSPHERE NO_IR_COOLING NET_HEATING_INPUT_NOT_SPECTRAL_PREDICTION FIXED_MIXING_RATIO KINETIC_ESCAPE_SENSITIVITY_REQUIRED
moon_1.0atm_titania_stack,titania_stack,101325.0,middle_atmosphere,0.3,164.25,0.0,5.02525e-21,converged,164.24552843908745,1.9682324932469992,3.9422436155817296e-08,29.410747063284358,MOLECULAR_LIMIT_ONLY PRESCRIBED_LOWER_ATMOSPHERE NO_IR_COOLING NET_HEATING_INPUT_NOT_SPECTRAL_PREDICTION FIXED_MIXING_RATIO
moon_1.0atm_titania_stack,titania_stack,101325.0,middle_atmosphere,0.3,164.25,1e-06,5.02525e-21,converged,179.38745038821938,2.042856707601296,1.0733873565007672e-06,25.944544237532206,MOLECULAR_LIMIT_ONLY PRESCRIBED_LOWER_ATMOSPHERE NO_IR_COOLING NET_HEATING_INPUT_NOT_SPECTRAL_PREDICTION FIXED_MIXING_RATIO
moon_1.0atm_titania_stack,titania_stack,101325.0,middle_atmosphere,0.3,164.25,3e-06,5.02525e-21,converged,210.1354310971095,2.2169091725544825,0.00020165874457824743,20.4093335107894,MOLECULAR_LIMIT_ONLY PRESCRIBED_LOWER_ATMOSPHERE NO_IR_COOLING NET_HEATING_INPUT_NOT_SPECTRAL_PREDICTION FIXED_MIXING_RATIO
moon_1.0atm_titania_stack,titania_stack,101325.0,middle_atmosphere,0.3,164.25,1e-05,5.02525e-21,converged,316.5009072244985,3.279211362452148,6.398745742266717,9.160762815732562,MOLECULAR_LIMIT_ONLY PRESCRIBED_LOWER_ATMOSPHERE NO_IR_COOLING NET_HEATING_INPUT_NOT_SPECTRAL_PREDICTION FIXED_MIXING_RATIO KINETIC_ESCAPE_SENSITIVITY_REQUIRED
moon_1.0atm_titania_stack,titania_stack,101325.0,middle_atmosphere_top,0.1,168.74,0.0,5.02525e-21,converged,168.7439997868901,2.0207107313835366,1.7037105889166995e-07,27.883258256088894,MOLECULAR_LIMIT_ONLY PRESCRIBED_LOWER_ATMOSPHERE NO_IR_COOLING NET_HEATING_INPUT_NOT_SPECTRAL_PREDICTION FIXED_MIXING_RATIO
moon_1.0atm_titania_stack,titania_stack,101325.0,middle_atmosphere_top,0.1,168.74,1e-06,5.02525e-21,converged,182.88854565698557,2.089346694500751,2.9598414931747358e-06,24.881639383984776,MOLECULAR_LIMIT_ONLY PRESCRIBED_LOWER_ATMOSPHERE NO_IR_COOLING NET_HEATING_INPUT_NOT_SPECTRAL_PREDICTION FIXED_MIXING_RATIO
moon_1.0atm_titania_stack,titania_stack,101325.0,middle_atmosphere_top,0.1,168.74,3e-06,5.02525e-21,converged,211.5908022182346,2.2471372168352075,0.000298191932629176,19.996299390931057,MOLECULAR_LIMIT_ONLY PRESCRIBED_LOWER_ATMOSPHERE NO_IR_COOLING NET_HEATING_INPUT_NOT_SPECTRAL_PREDICTION FIXED_MIXING_RATIO
moon_1.0atm_titania_stack,titania_stack,101325.0,middle_atmosphere_top,0.1,168.74,1e-05,5.02525e-21,converged,313.0229106711407,3.167081576253958,4.342946457456876,9.590486379139854,MOLECULAR_LIMIT_ONLY PRESCRIBED_LOWER_ATMOSPHERE NO_IR_COOLING NET_HEATING_INPUT_NOT_SPECTRAL_PREDICTION FIXED_MIXING_RATIO KINETIC_ESCAPE_SENSITIVITY_REQUIRED
moon_1.0atm_titania_stack,titania_stack,101325.0,middle_atmosphere,10.0,163.2,0.0,5.02525e-21,converged,163.20427568997277,1.956538556291852,2.7788822912603774e-08,29.775294461670526,MOLECULAR_LIMIT_ONLY PRESCRIBED_LOWER_ATMOSPHERE NO_IR_COOLING NET_HEATING_INPUT_NOT_SPECTRAL_PREDICTION FIXED_MIXING_RATIO
moon_1.0atm_titania_stack,titania_stack,101325.0,middle_atmosphere,10.0,163.2,1e-06,5.02525e-21,converged,181.68916969916202,2.068449121286883,1.9869158988639358e-06,25.298928355113155,MOLECULAR_LIMIT_ONLY PRESCRIBED_LOWER_ATMOSPHERE NO_IR_COOLING NET_HEATING_INPUT_NOT_SPECTRAL_PREDICTION FIXED_MIXING_RATIO
moon_1.0atm_titania_stack,titania_stack,101325.0,middle_atmosphere,10.0,163.2,3e-06,5.02525e-21,converged,219.38104189170681,2.3497687872772706,0.001286734810800313,18.44385854922765,MOLECULAR_LIMIT_ONLY PRESCRIBED_LOWER_ATMOSPHERE NO_IR_COOLING NET_HEATING_INPUT_NOT_SPECTRAL_PREDICTION FIXED_MIXING_RATIO
moon_1.0atm_titania_stack,titania_stack,101325.0,middle_atmosphere,10.0,163.2,1e-05,5.02525e-21,converged,316.0635191278845,3.99610652382275,28.08618719206072,7.5277394728504,MOLECULAR_LIMIT_ONLY PRESCRIBED_LOWER_ATMOSPHERE NO_IR_COOLING NET_HEATING_INPUT_NOT_SPECTRAL_PREDICTION FIXED_MIXING_RATIO KINETIC_ESCAPE_SENSITIVITY_REQUIRED EARTH_TIDES_REQUIRE_REVIEW
moon_1.0atm_titania_stack,titania_stack,101325.0,baseline_180K,0.1,180.0,0.0,5.02525e-21,converged,179.99999407648068,2.1677816397001424,4.899402151476387e-06,24.366210048975596,MOLECULAR_LIMIT_ONLY PRESCRIBED_LOWER_ATMOSPHERE NO_IR_COOLING NET_HEATING_INPUT_NOT_SPECTRAL_PREDICTION FIXED_MIXING_RATIO
moon_1.0atm_titania_stack,titania_stack,101325.0,baseline_180K,0.1,180.0,1e-06,5.02525e-21,converged,194.28434822576736,2.2495462641645396,5.790379268803398e-05,21.754207373676937,MOLECULAR_LIMIT_ONLY PRESCRIBED_LOWER_ATMOSPHERE NO_IR_COOLING NET_HEATING_INPUT_NOT_SPECTRAL_PREDICTION FIXED_MIXING_RATIO
moon_1.0atm_titania_stack,titania_stack,101325.0,baseline_180K,0.1,180.0,3e-06,5.02525e-21,converged,223.31250901795698,2.4406714111057934,0.0032986407650571607,17.444303862769946,MOLECULAR_LIMIT_ONLY PRESCRIBED_LOWER_ATMOSPHERE NO_IR_COOLING NET_HEATING_INPUT_NOT_SPECTRAL_PREDICTION FIXED_MIXING_RATIO
moon_1.0atm_titania_stack,titania_stack,101325.0,baseline_180K,0.1,180.0,1e-05,5.02525e-21,converged,317.95181150840966,3.531134561658051,11.987545835026339,8.468381931973687,MOLECULAR_LIMIT_ONLY PRESCRIBED_LOWER_ATMOSPHERE NO_IR_COOLING NET_HEATING_INPUT_NOT_SPECTRAL_PREDICTION FIXED_MIXING_RATIO KINETIC_ESCAPE_SENSITIVITY_REQUIRED
moon_1.2atm_edge_200nm_no_n2o,edge_200nm,121590.0,middle_atmosphere,0.3,197.69,0.0,0.000204007,converged,197.68989734318637,2.5037930349478876,0.0006772705966842254,19.20848466949834,MOLECULAR_LIMIT_ONLY PRESCRIBED_LOWER_ATMOSPHERE NO_IR_COOLING NET_HEATING_INPUT_NOT_SPECTRAL_PREDICTION FIXED_MIXING_RATIO
moon_1.2atm_edge_200nm_no_n2o,edge_200nm,121590.0,middle_atmosphere,0.3,197.69,1e-06,0.000204007,converged,213.39261200726443,2.6413237653471433,0.006023089405665409,16.868442685442417,MOLECULAR_LIMIT_ONLY PRESCRIBED_LOWER_ATMOSPHERE NO_IR_COOLING NET_HEATING_INPUT_NOT_SPECTRAL_PREDICTION FIXED_MIXING_RATIO
moon_1.2atm_edge_200nm_no_n2o,edge_200nm,121590.0,middle_atmosphere,0.3,197.69,3e-06,0.000204007,converged,245.25549576937283,2.985609275349325,0.2173821783158303,12.984471842581737,MOLECULAR_LIMIT_ONLY PRESCRIBED_LOWER_ATMOSPHERE NO_IR_COOLING NET_HEATING_INPUT_NOT_SPECTRAL_PREDICTION FIXED_MIXING_RATIO KINETIC_ESCAPE_SENSITIVITY_REQUIRED
moon_1.2atm_edge_200nm_no_n2o,edge_200nm,121590.0,middle_atmosphere,0.3,197.69,1e-05,0.000204007,converged,309.1064700506009,4.425877055536178,48.4010864031385,6.9497401541252275,MOLECULAR_LIMIT_ONLY PRESCRIBED_LOWER_ATMOSPHERE NO_IR_COOLING NET_HEATING_INPUT_NOT_SPECTRAL_PREDICTION FIXED_MIXING_RATIO KINETIC_ESCAPE_SENSITIVITY_REQUIRED EARTH_TIDES_REQUIRE_REVIEW
moon_1.2atm_edge_200nm_no_n2o,edge_200nm,121590.0,middle_atmosphere_top,0.1,184.53,0.0,0.000204007,converged,184.53397075947626,2.2686007467345815,2.4606763273906987e-05,22.711279947873813,MOLECULAR_LIMIT_ONLY PRESCRIBED_LOWER_ATMOSPHERE NO_IR_COOLING NET_HEATING_INPUT_NOT_SPECTRAL_PREDICTION FIXED_MIXING_RATIO
moon_1.2atm_edge_200nm_no_n2o,edge_200nm,121590.0,middle_atmosphere_top,0.1,184.53,1e-06,0.000204007,converged,198.9846266115893,2.36117073937546,0.0002532637849237272,20.236205968359123,MOLECULAR_LIMIT_ONLY PRESCRIBED_LOWER_ATMOSPHERE NO_IR_COOLING NET_HEATING_INPUT_NOT_SPECTRAL_PREDICTION FIXED_MIXING_RATIO
moon_1.2atm_edge_200nm_no_n2o,edge_200nm,121590.0,middle_atmosphere_top,0.1,184.53,3e-06,0.000204007,converged,228.38024306494458,2.5805198730921535,0.011678776733760225,16.132819298056834,MOLECULAR_LIMIT_ONLY PRESCRIBED_LOWER_ATMOSPHERE NO_IR_COOLING NET_HEATING_INPUT_NOT_SPECTRAL_PREDICTION FIXED_MIXING_RATIO
moon_1.2atm_edge_200nm_no_n2o,edge_200nm,121590.0,middle_atmosphere_top,0.1,184.53,1e-05,0.000204007,converged,316.4847226122452,3.7779472763257393,19.54681550246462,7.951835091073824,MOLECULAR_LIMIT_ONLY PRESCRIBED_LOWER_ATMOSPHERE NO_IR_COOLING NET_HEATING_INPUT_NOT_SPECTRAL_PREDICTION FIXED_MIXING_RATIO KINETIC_ESCAPE_SENSITIVITY_REQUIRED EARTH_TIDES_REQUIRE_REVIEW
moon_1.2atm_edge_200nm_no_n2o,edge_200nm,121590.0,middle_atmosphere,10.0,249.44,0.0,0.000204007,converged,239.8970969248208,4.291788827707158,7.027459028096268,9.234484801507154,MOLECULAR_LIMIT_ONLY PRESCRIBED_LOWER_ATMOSPHERE NO_IR_COOLING NET_HEATING_INPUT_NOT_SPECTRAL_PREDICTION FIXED_MIXING_RATIO KINETIC_ESCAPE_SENSITIVITY_REQUIRED EARTH_TIDES_REQUIRE_REVIEW
moon_1.2atm_edge_200nm_no_n2o,edge_200nm,121590.0,middle_atmosphere,10.0,249.44,1e-06,0.000204007,converged,247.28898397318778,4.647560979084872,16.56257857026329,8.272678396286793,MOLECULAR_LIMIT_ONLY PRESCRIBED_LOWER_ATMOSPHERE NO_IR_COOLING NET_HEATING_INPUT_NOT_SPECTRAL_PREDICTION FIXED_MIXING_RATIO KINETIC_ESCAPE_SENSITIVITY_REQUIRED EARTH_TIDES_REQUIRE_REVIEW
moon_1.2atm_edge_200nm_no_n2o,edge_200nm,121590.0,middle_atmosphere,10.0,249.44,3e-06,0.000204007,converged,254.08005497523058,5.1926724990681485,42.504813759327085,7.206335890152287,MOLECULAR_LIMIT_ONLY PRESCRIBED_LOWER_ATMOSPHERE NO_IR_COOLING NET_HEATING_INPUT_NOT_SPECTRAL_PREDICTION FIXED_MIXING_RATIO KINETIC_ESCAPE_SENSITIVITY_REQUIRED EARTH_TIDES_REQUIRE_REVIEW
moon_1.2atm_edge_200nm_no_n2o,edge_200nm,121590.0,middle_atmosphere,10.0,249.44,1e-05,0.000204007,converged,256.35446909914936,6.481791369664938,155.9286183872411,5.721897410482284,MOLECULAR_LIMIT_ONLY PRESCRIBED_LOWER_ATMOSPHERE NO_IR_COOLING NET_HEATING_INPUT_NOT_SPECTRAL_PREDICTION FIXED_MIXING_RATIO KINETIC_ESCAPE_SENSITIVITY_REQUIRED EARTH_TIDES_REQUIRE_REVIEW
moon_1.2atm_edge_200nm_no_n2o,edge_200nm,121590.0,baseline_180K,0.1,180.0,0.0,0.000204007,converged,179.99999145900597,2.1989298638585146,7.083150651170422e-06,24.021058792959085,MOLECULAR_LIMIT_ONLY PRESCRIBED_LOWER_ATMOSPHERE NO_IR_COOLING NET_HEATING_INPUT_NOT_SPECTRAL_PREDICTION FIXED_MIXING_RATIO
moon_1.2atm_edge_200nm_no_n2o,edge_200nm,121590.0,baseline_180K,0.1,180.0,1e-06,0.000204007,converged,194.3880545977243,2.2845377516748324,8.345555595783384e-05,21.409577435947558,MOLECULAR_LIMIT_ONLY PRESCRIBED_LOWER_ATMOSPHERE NO_IR_COOLING NET_HEATING_INPUT_NOT_SPECTRAL_PREDICTION FIXED_MIXING_RATIO
moon_1.2atm_edge_200nm_no_n2o,edge_200nm,121590.0,baseline_180K,0.1,180.0,3e-06,0.000204007,converged,223.64060526926986,2.485714005130814,0.004710577808463029,17.103074597621948,MOLECULAR_LIMIT_ONLY PRESCRIBED_LOWER_ATMOSPHERE NO_IR_COOLING NET_HEATING_INPUT_NOT_SPECTRAL_PREDICTION FIXED_MIXING_RATIO
moon_1.2atm_edge_200nm_no_n2o,edge_200nm,121590.0,baseline_180K,0.1,180.0,1e-05,0.000204007,converged,316.54736458231366,3.623934676213993,14.436140373645463,8.288137462081341,MOLECULAR_LIMIT_ONLY PRESCRIBED_LOWER_ATMOSPHERE NO_IR_COOLING NET_HEATING_INPUT_NOT_SPECTRAL_PREDICTION FIXED_MIXING_RATIO KINETIC_ESCAPE_SENSITIVITY_REQUIRED EARTH_TIDES_REQUIRE_REVIEW
moon_1.2atm_edge_200nm_slow_mixing,edge_200nm,121590.0,middle_atmosphere,0.3,198.51,0.0,0.000706022,converged,198.50979348303593,2.5203729352890445,0.0008217712410568793,19.003310448839056,MOLECULAR_LIMIT_ONLY PRESCRIBED_LOWER_ATMOSPHERE NO_IR_COOLING NET_HEATING_INPUT_NOT_SPECTRAL_PREDICTION FIXED_MIXING_RATIO
moon_1.2atm_edge_200nm_slow_mixing,edge_200nm,121590.0,middle_atmosphere,0.3,198.51,1e-06,0.000706022,converged,214.22486747171303,2.6602171048434524,0.00716161843232696,16.68357214745481,MOLECULAR_LIMIT_ONLY PRESCRIBED_LOWER_ATMOSPHERE NO_IR_COOLING NET_HEATING_INPUT_NOT_SPECTRAL_PREDICTION FIXED_MIXING_RATIO
moon_1.2atm_edge_200nm_slow_mixing,edge_200nm,121590.0,middle_atmosphere,0.3,198.51,3e-06,0.000706022,converged,246.08492056172722,3.0108568200835792,0.2501731010686959,12.832193586965566,MOLECULAR_LIMIT_ONLY PRESCRIBED_LOWER_ATMOSPHERE NO_IR_COOLING NET_HEATING_INPUT_NOT_SPECTRAL_PREDICTION FIXED_MIXING_RATIO KINETIC_ESCAPE_SENSITIVITY_REQUIRED
moon_1.2atm_edge_200nm_slow_mixing,edge_200nm,121590.0,middle_atmosphere,0.3,198.51,1e-05,0.000706022,converged,308.6042300629548,4.4527712199291605,49.777975748024865,6.919006706169714,MOLECULAR_LIMIT_ONLY PRESCRIBED_LOWER_ATMOSPHERE NO_IR_COOLING NET_HEATING_INPUT_NOT_SPECTRAL_PREDICTION FIXED_MIXING_RATIO KINETIC_ESCAPE_SENSITIVITY_REQUIRED EARTH_TIDES_REQUIRE_REVIEW
moon_1.2atm_edge_200nm_slow_mixing,edge_200nm,121590.0,middle_atmosphere_top,0.1,185.93,0.0,0.000706022,converged,185.9339577283667,2.2911721728905543,3.573640054199816e-05,22.318220733144067,MOLECULAR_LIMIT_ONLY PRESCRIBED_LOWER_ATMOSPHERE NO_IR_COOLING NET_HEATING_INPUT_NOT_SPECTRAL_PREDICTION FIXED_MIXING_RATIO
moon_1.2atm_edge_200nm_slow_mixing,edge_200nm,121590.0,middle_atmosphere_top,0.1,185.93,1e-06,0.000706022,converged,200.4044701960893,2.3860731053802975,0.0003535135728946346,19.88313484987959,MOLECULAR_LIMIT_ONLY PRESCRIBED_LOWER_ATMOSPHERE NO_IR_COOLING NET_HEATING_INPUT_NOT_SPECTRAL_PREDICTION FIXED_MIXING_RATIO
moon_1.2atm_edge_200nm_slow_mixing,edge_200nm,121590.0,middle_atmosphere_top,0.1,185.93,3e-06,0.000706022,converged,229.84428949553876,2.6115534855082645,0.015358132000399496,15.839569189070867,MOLECULAR_LIMIT_ONLY PRESCRIBED_LOWER_ATMOSPHERE NO_IR_COOLING NET_HEATING_INPUT_NOT_SPECTRAL_PREDICTION FIXED_MIXING_RATIO
moon_1.2atm_edge_200nm_slow_mixing,edge_200nm,121590.0,middle_atmosphere_top,0.1,185.93,1e-05,0.000706022,converged,316.3069475675258,3.8257731063790748,21.2945177982822,7.856842859283423,MOLECULAR_LIMIT_ONLY PRESCRIBED_LOWER_ATMOSPHERE NO_IR_COOLING NET_HEATING_INPUT_NOT_SPECTRAL_PREDICTION FIXED_MIXING_RATIO KINETIC_ESCAPE_SENSITIVITY_REQUIRED EARTH_TIDES_REQUIRE_REVIEW
moon_1.2atm_edge_200nm_slow_mixing,edge_200nm,121590.0,middle_atmosphere,10.0,253.18,0.0,0.000706022,converged,240.11364650595021,4.461204562932468,9.735258213692449,8.875790181646986,MOLECULAR_LIMIT_ONLY PRESCRIBED_LOWER_ATMOSPHERE NO_IR_COOLING NET_HEATING_INPUT_NOT_SPECTRAL_PREDICTION FIXED_MIXING_RATIO KINETIC_ESCAPE_SENSITIVITY_REQUIRED EARTH_TIDES_REQUIRE_REVIEW
moon_1.2atm_edge_200nm_slow_mixing,edge_200nm,121590.0,middle_atmosphere,10.0,253.18,1e-06,0.000706022,converged,246.22758087531963,4.800575712709292,20.40632402174947,8.043517042332317,MOLECULAR_LIMIT_ONLY PRESCRIBED_LOWER_ATMOSPHERE NO_IR_COOLING NET_HEATING_INPUT_NOT_SPECTRAL_PREDICTION FIXED_MIXING_RATIO KINETIC_ESCAPE_SENSITIVITY_REQUIRED EARTH_TIDES_REQUIRE_REVIEW
moon_1.2atm_edge_200nm_slow_mixing,edge_200nm,121590.0,middle_atmosphere,10.0,253.18,3e-06,0.000706022,converged,251.8730590548041,5.328756133082482,47.603443207264185,7.083835147450743,MOLECULAR_LIMIT_ONLY PRESCRIBED_LOWER_ATMOSPHERE NO_IR_COOLING NET_HEATING_INPUT_NOT_SPECTRAL_PREDICTION FIXED_MIXING_RATIO KINETIC_ESCAPE_SENSITIVITY_REQUIRED EARTH_TIDES_REQUIRE_REVIEW
moon_1.2atm_edge_200nm_slow_mixing,edge_200nm,121590.0,middle_atmosphere,10.0,253.18,1e-05,0.000706022,converged,253.26741267594892,6.613248717015935,163.15673378617387,5.676515631457158,MOLECULAR_LIMIT_ONLY PRESCRIBED_LOWER_ATMOSPHERE NO_IR_COOLING NET_HEATING_INPUT_NOT_SPECTRAL_PREDICTION FIXED_MIXING_RATIO KINETIC_ESCAPE_SENSITIVITY_REQUIRED EARTH_TIDES_REQUIRE_REVIEW
moon_1.2atm_edge_200nm_slow_mixing,edge_200nm,121590.0,baseline_180K,0.1,180.0,0.0,0.000706022,converged,179.99999145900597,2.1989298638585146,7.083150651170422e-06,24.021058792959085,MOLECULAR_LIMIT_ONLY PRESCRIBED_LOWER_ATMOSPHERE NO_IR_COOLING NET_HEATING_INPUT_NOT_SPECTRAL_PREDICTION FIXED_MIXING_RATIO
moon_1.2atm_edge_200nm_slow_mixing,edge_200nm,121590.0,baseline_180K,0.1,180.0,1e-06,0.000706022,converged,194.3880545977243,2.2845377516748324,8.345555595783384e-05,21.409577435947558,MOLECULAR_LIMIT_ONLY PRESCRIBED_LOWER_ATMOSPHERE NO_IR_COOLING NET_HEATING_INPUT_NOT_SPECTRAL_PREDICTION FIXED_MIXING_RATIO
moon_1.2atm_edge_200nm_slow_mixing,edge_200nm,121590.0,baseline_180K,0.1,180.0,3e-06,0.000706022,converged,223.64060526926986,2.485714005130814,0.004710577808463029,17.103074597621948,MOLECULAR_LIMIT_ONLY PRESCRIBED_LOWER_ATMOSPHERE NO_IR_COOLING NET_HEATING_INPUT_NOT_SPECTRAL_PREDICTION FIXED_MIXING_RATIO
moon_1.2atm_edge_200nm_slow_mixing,edge_200nm,121590.0,baseline_180K,0.1,180.0,1e-05,0.000706022,converged,316.54736458231366,3.623934676213993,14.436140373645463,8.288137462081341,MOLECULAR_LIMIT_ONLY PRESCRIBED_LOWER_ATMOSPHERE NO_IR_COOLING NET_HEATING_INPUT_NOT_SPECTRAL_PREDICTION FIXED_MIXING_RATIO KINETIC_ESCAPE_SENSITIVITY_REQUIRED EARTH_TIDES_REQUIRE_REVIEW
moon_1.2atm_edge_200nm_wet_stratosphere,edge_200nm,121590.0,middle_atmosphere,0.3,193.47,0.0,0.000141284,converged,193.47279087534525,2.4223790602799062,0.00024472587683021,20.2868215050695,MOLECULAR_LIMIT_ONLY PRESCRIBED_LOWER_ATMOSPHERE NO_IR_COOLING NET_HEATING_INPUT_NOT_SPECTRAL_PREDICTION FIXED_MIXING_RATIO
moon_1.2atm_edge_200nm_wet_stratosphere,edge_200nm,121590.0,middle_atmosphere,0.3,193.47,1e-06,0.000141284,converged,209.11159693831024,2.5489005099068396,0.002425646005730246,17.83795259223363,MOLECULAR_LIMIT_ONLY PRESCRIBED_LOWER_ATMOSPHERE NO_IR_COOLING NET_HEATING_INPUT_NOT_SPECTRAL_PREDICTION FIXED_MIXING_RATIO
moon_1.2atm_edge_200nm_wet_stratosphere,edge_200nm,121590.0,middle_atmosphere,0.3,193.47,3e-06,0.000141284,converged,240.933359611182,2.862750579571517,0.10373128060560048,13.784644184881788,MOLECULAR_LIMIT_ONLY PRESCRIBED_LOWER_ATMOSPHERE NO_IR_COOLING NET_HEATING_INPUT_NOT_SPECTRAL_PREDICTION FIXED_MIXING_RATIO KINETIC_ESCAPE_SENSITIVITY_REQUIRED
moon_1.2atm_edge_200nm_wet_stratosphere,edge_200nm,121590.0,middle_atmosphere,0.3,193.47,1e-05,0.000141284,converged,311.5124705127312,4.288641769343931,41.57146498046416,7.116735087723198,MOLECULAR_LIMIT_ONLY PRESCRIBED_LOWER_ATMOSPHERE NO_IR_COOLING NET_HEATING_INPUT_NOT_SPECTRAL_PREDICTION FIXED_MIXING_RATIO KINETIC_ESCAPE_SENSITIVITY_REQUIRED EARTH_TIDES_REQUIRE_REVIEW
moon_1.2atm_edge_200nm_wet_stratosphere,edge_200nm,121590.0,middle_atmosphere_top,0.1,182.77,0.0,0.000141284,converged,182.77298174550668,2.2409349293774223,1.527404511925649e-05,23.213186746878193,MOLECULAR_LIMIT_ONLY PRESCRIBED_LOWER_ATMOSPHERE NO_IR_COOLING NET_HEATING_INPUT_NOT_SPECTRAL_PREDICTION FIXED_MIXING_RATIO
moon_1.2atm_edge_200nm_wet_stratosphere,edge_200nm,121590.0,middle_atmosphere_top,0.1,182.77,1e-06,0.000141284,converged,197.19901634920433,2.330698479623219,0.00016547479091321703,20.686412046936834,MOLECULAR_LIMIT_ONLY PRESCRIBED_LOWER_ATMOSPHERE NO_IR_COOLING NET_HEATING_INPUT_NOT_SPECTRAL_PREDICTION FIXED_MIXING_RATIO
moon_1.2atm_edge_200nm_wet_stratosphere,edge_200nm,121590.0,middle_atmosphere_top,0.1,182.77,3e-06,0.000141284,converged,226.53889846682856,2.542695917843851,0.008239854613297742,16.505884353041075,MOLECULAR_LIMIT_ONLY PRESCRIBED_LOWER_ATMOSPHERE NO_IR_COOLING NET_HEATING_INPUT_NOT_SPECTRAL_PREDICTION FIXED_MIXING_RATIO
moon_1.2atm_edge_200nm_wet_stratosphere,edge_200nm,121590.0,middle_atmosphere_top,0.1,182.77,1e-05,0.000141284,converged,316.6048523102828,3.717965721399311,17.46068534066403,8.07705537238098,MOLECULAR_LIMIT_ONLY PRESCRIBED_LOWER_ATMOSPHERE NO_IR_COOLING NET_HEATING_INPUT_NOT_SPECTRAL_PREDICTION FIXED_MIXING_RATIO KINETIC_ESCAPE_SENSITIVITY_REQUIRED EARTH_TIDES_REQUIRE_REVIEW
moon_1.2atm_edge_200nm_wet_stratosphere,edge_200nm,121590.0,middle_atmosphere,10.0,240.64,0.0,0.000141284,converged,236.97896476083375,3.8879315223655184,2.6186875684135824,10.319237384452865,MOLECULAR_LIMIT_ONLY PRESCRIBED_LOWER_ATMOSPHERE NO_IR_COOLING NET_HEATING_INPUT_NOT_SPECTRAL_PREDICTION FIXED_MIXING_RATIO KINETIC_ESCAPE_SENSITIVITY_REQUIRED EARTH_TIDES_REQUIRE_REVIEW
moon_1.2atm_edge_200nm_wet_stratosphere,edge_200nm,121590.0,middle_atmosphere,10.0,240.64,1e-06,0.000141284,converged,248.22995093602677,4.279816555631868,8.954841509437511,8.949456725157345,MOLECULAR_LIMIT_ONLY PRESCRIBED_LOWER_ATMOSPHERE NO_IR_COOLING NET_HEATING_INPUT_NOT_SPECTRAL_PREDICTION FIXED_MIXING_RATIO KINETIC_ESCAPE_SENSITIVITY_REQUIRED EARTH_TIDES_REQUIRE_REVIEW
moon_1.2atm_edge_200nm_wet_stratosphere,edge_200nm,121590.0,middle_atmosphere,10.0,240.64,3e-06,0.000141284,converged,258.68461594341807,4.875731022305597,31.33043519492038,7.538165485604968,MOLECULAR_LIMIT_ONLY PRESCRIBED_LOWER_ATMOSPHERE NO_IR_COOLING NET_HEATING_INPUT_NOT_SPECTRAL_PREDICTION FIXED_MIXING_RATIO KINETIC_ESCAPE_SENSITIVITY_REQUIRED EARTH_TIDES_REQUIRE_REVIEW
moon_1.2atm_edge_200nm_wet_stratosphere,edge_200nm,121590.0,middle_atmosphere,10.0,240.64,1e-05,0.000141284,converged,263.51147831148955,6.184550492058819,139.55521261240642,5.834025609797078,MOLECULAR_LIMIT_ONLY PRESCRIBED_LOWER_ATMOSPHERE NO_IR_COOLING NET_HEATING_INPUT_NOT_SPECTRAL_PREDICTION FIXED_MIXING_RATIO KINETIC_ESCAPE_SENSITIVITY_REQUIRED EARTH_TIDES_REQUIRE_REVIEW
moon_1.2atm_edge_200nm_wet_stratosphere,edge_200nm,121590.0,baseline_180K,0.1,180.0,0.0,0.000141284,converged,179.99999145900597,2.1989298638585146,7.083150651170422e-06,24.021058792959085,MOLECULAR_LIMIT_ONLY PRESCRIBED_LOWER_ATMOSPHERE NO_IR_COOLING NET_HEATING_INPUT_NOT_SPECTRAL_PREDICTION FIXED_MIXING_RATIO
moon_1.2atm_edge_200nm_wet_stratosphere,edge_200nm,121590.0,baseline_180K,0.1,180.0,1e-06,0.000141284,converged,194.3880545977243,2.2845377516748324,8.345555595783384e-05,21.409577435947558,MOLECULAR_LIMIT_ONLY PRESCRIBED_LOWER_ATMOSPHERE NO_IR_COOLING NET_HEATING_INPUT_NOT_SPECTRAL_PREDICTION FIXED_MIXING_RATIO
moon_1.2atm_edge_200nm_wet_stratosphere,edge_200nm,121590.0,baseline_180K,0.1,180.0,3e-06,0.000141284,converged,223.64060526926986,2.485714005130814,0.004710577808463029,17.103074597621948,MOLECULAR_LIMIT_ONLY PRESCRIBED_LOWER_ATMOSPHERE NO_IR_COOLING NET_HEATING_INPUT_NOT_SPECTRAL_PREDICTION FIXED_MIXING_RATIO
moon_1.2atm_edge_200nm_wet_stratosphere,edge_200nm,121590.0,baseline_180K,0.1,180.0,1e-05,0.000141284,converged,316.54736458231366,3.623934676213993,14.436140373645463,8.288137462081341,MOLECULAR_LIMIT_ONLY PRESCRIBED_LOWER_ATMOSPHERE NO_IR_COOLING NET_HEATING_INPUT_NOT_SPECTRAL_PREDICTION FIXED_MIXING_RATIO KINETIC_ESCAPE_SENSITIVITY_REQUIRED EARTH_TIDES_REQUIRE_REVIEW
moon_1.2atm_edge_220nm,edge_220nm,121590.0,middle_atmosphere,0.3,189.87,0.0,8.5239e-05,converged,189.87347623063908,2.3576053614678614,9.938425617606426e-05,21.23931940832606,MOLECULAR_LIMIT_ONLY PRESCRIBED_LOWER_ATMOSPHERE NO_IR_COOLING NET_HEATING_INPUT_NOT_SPECTRAL_PREDICTION FIXED_MIXING_RATIO
moon_1.2atm_edge_220nm,edge_220nm,121590.0,middle_atmosphere,0.3,189.87,1e-06,8.5239e-05,converged,205.45838346005317,2.475782594251786,0.0010871539546745005,18.691305508572945,MOLECULAR_LIMIT_ONLY PRESCRIBED_LOWER_ATMOSPHERE NO_IR_COOLING NET_HEATING_INPUT_NOT_SPECTRAL_PREDICTION FIXED_MIXING_RATIO
moon_1.2atm_edge_220nm,edge_220nm,121590.0,middle_atmosphere,0.3,189.87,3e-06,8.5239e-05,converged,237.1988419451124,2.766529756236622,0.053988671626267686,14.48865589450821,MOLECULAR_LIMIT_ONLY PRESCRIBED_LOWER_ATMOSPHERE NO_IR_COOLING NET_HEATING_INPUT_NOT_SPECTRAL_PREDICTION FIXED_MIXING_RATIO KINETIC_ESCAPE_SENSITIVITY_REQUIRED
moon_1.2atm_edge_220nm,edge_220nm,121590.0,middle_atmosphere,0.3,189.87,1e-05,8.5239e-05,converged,313.3079244622416,4.172735111391617,36.08696392827511,7.2725013810216845,MOLECULAR_LIMIT_ONLY PRESCRIBED_LOWER_ATMOSPHERE NO_IR_COOLING NET_HEATING_INPUT_NOT_SPECTRAL_PREDICTION FIXED_MIXING_RATIO KINETIC_ESCAPE_SENSITIVITY_REQUIRED EARTH_TIDES_REQUIRE_REVIEW
moon_1.2atm_edge_220nm,edge_220nm,121590.0,middle_atmosphere_top,0.1,180.67,0.0,8.5239e-05,converged,180.66898972064885,2.2088947504432506,8.543017826342944e-06,23.8241474922254,MOLECULAR_LIMIT_ONLY PRESCRIBED_LOWER_ATMOSPHERE NO_IR_COOLING NET_HEATING_INPUT_NOT_SPECTRAL_PREDICTION FIXED_MIXING_RATIO
moon_1.2atm_edge_220nm,edge_220nm,121590.0,middle_atmosphere_top,0.1,180.67,1e-06,8.5239e-05,converged,195.06612494380795,2.2954770772694615,9.860185370386448e-05,21.23348067790072,MOLECULAR_LIMIT_ONLY PRESCRIBED_LOWER_ATMOSPHERE NO_IR_COOLING NET_HEATING_INPUT_NOT_SPECTRAL_PREDICTION FIXED_MIXING_RATIO
moon_1.2atm_edge_220nm,edge_220nm,121590.0,middle_atmosphere_top,0.1,180.67,3e-06,8.5239e-05,converged,224.33965483915748,2.499183495621391,0.005397016718914283,16.95789011166574,MOLECULAR_LIMIT_ONLY PRESCRIBED_LOWER_ATMOSPHERE NO_IR_COOLING NET_HEATING_INPUT_NOT_SPECTRAL_PREDICTION FIXED_MIXING_RATIO
moon_1.2atm_edge_220nm,edge_220nm,121590.0,middle_atmosphere_top,0.1,180.67,1e-05,8.5239e-05,converged,316.5897433259511,3.646570064335659,15.136200764739286,8.23558786524118,MOLECULAR_LIMIT_ONLY PRESCRIBED_LOWER_ATMOSPHERE NO_IR_COOLING NET_HEATING_INPUT_NOT_SPECTRAL_PREDICTION FIXED_MIXING_RATIO KINETIC_ESCAPE_SENSITIVITY_REQUIRED EARTH_TIDES_REQUIRE_REVIEW
moon_1.2atm_edge_220nm,edge_220nm,121590.0,middle_atmosphere,10.0,236.97,0.0,8.5239e-05,converged,234.74583574935457,3.7226537776418613,1.56954285974458,10.87991404784791,MOLECULAR_LIMIT_ONLY PRESCRIBED_LOWER_ATMOSPHERE NO_IR_COOLING NET_HEATING_INPUT_NOT_SPECTRAL_PREDICTION FIXED_MIXING_RATIO KINETIC_ESCAPE_SENSITIVITY_REQUIRED EARTH_TIDES_REQUIRE_REVIEW
moon_1.2atm_edge_220nm,edge_220nm,121590.0,middle_atmosphere,10.0,236.97,1e-06,8.5239e-05,converged,247.80606201242315,4.12278918731001,6.476691607259796,9.306212254577067,MOLECULAR_LIMIT_ONLY PRESCRIBED_LOWER_ATMOSPHERE NO_IR_COOLING NET_HEATING_INPUT_NOT_SPECTRAL_PREDICTION FIXED_MIXING_RATIO KINETIC_ESCAPE_SENSITIVITY_REQUIRED EARTH_TIDES_REQUIRE_REVIEW
moon_1.2atm_edge_220nm,edge_220nm,121590.0,middle_atmosphere,10.0,236.97,3e-06,8.5239e-05,converged,260.30327931965337,4.744091068598147,27.040687177631014,7.699160115600752,MOLECULAR_LIMIT_ONLY PRESCRIBED_LOWER_ATMOSPHERE NO_IR_COOLING NET_HEATING_INPUT_NOT_SPECTRAL_PREDICTION FIXED_MIXING_RATIO KINETIC_ESCAPE_SENSITIVITY_REQUIRED EARTH_TIDES_REQUIRE_REVIEW
moon_1.2atm_edge_220nm,edge_220nm,121590.0,middle_atmosphere,10.0,236.97,1e-05,8.5239e-05,converged,266.4450809613576,6.065352782680592,132.98650959924083,5.883181343490043,MOLECULAR_LIMIT_ONLY PRESCRIBED_LOWER_ATMOSPHERE NO_IR_COOLING NET_HEATING_INPUT_NOT_SPECTRAL_PREDICTION FIXED_MIXING_RATIO KINETIC_ESCAPE_SENSITIVITY_REQUIRED EARTH_TIDES_REQUIRE_REVIEW
moon_1.2atm_edge_220nm,edge_220nm,121590.0,baseline_180K,0.1,180.0,0.0,8.5239e-05,converged,179.99999145900597,2.1989298638585146,7.083150651170422e-06,24.021058792959085,MOLECULAR_LIMIT_ONLY PRESCRIBED_LOWER_ATMOSPHERE NO_IR_COOLING NET_HEATING_INPUT_NOT_SPECTRAL_PREDICTION FIXED_MIXING_RATIO
moon_1.2atm_edge_220nm,edge_220nm,121590.0,baseline_180K,0.1,180.0,1e-06,8.5239e-05,converged,194.3880545977243,2.2845377516748324,8.345555595783384e-05,21.409577435947558,MOLECULAR_LIMIT_ONLY PRESCRIBED_LOWER_ATMOSPHERE NO_IR_COOLING NET_HEATING_INPUT_NOT_SPECTRAL_PREDICTION FIXED_MIXING_RATIO
moon_1.2atm_edge_220nm,edge_220nm,121590.0,baseline_180K,0.1,180.0,3e-06,8.5239e-05,converged,223.64060526926986,2.485714005130814,0.004710577808463029,17.103074597621948,MOLECULAR_LIMIT_ONLY PRESCRIBED_LOWER_ATMOSPHERE NO_IR_COOLING NET_HEATING_INPUT_NOT_SPECTRAL_PREDICTION FIXED_MIXING_RATIO
moon_1.2atm_edge_220nm,edge_220nm,121590.0,baseline_180K,0.1,180.0,1e-05,8.5239e-05,converged,316.54736458231366,3.623934676213993,14.436140373645463,8.288137462081341,MOLECULAR_LIMIT_ONLY PRESCRIBED_LOWER_ATMOSPHERE NO_IR_COOLING NET_HEATING_INPUT_NOT_SPECTRAL_PREDICTION FIXED_MIXING_RATIO KINETIC_ESCAPE_SENSITIVITY_REQUIRED EARTH_TIDES_REQUIRE_REVIEW
moon_1.2atm_edge_230nm,edge_230nm,121590.0,middle_atmosphere,0.3,181.28,0.0,2.22442e-05,converged,181.27823248140788,2.218061947047102,1.0121399323610401e-05,23.645945212941207,MOLECULAR_LIMIT_ONLY PRESCRIBED_LOWER_ATMOSPHERE NO_IR_COOLING NET_HEATING_INPUT_NOT_SPECTRAL_PREDICTION FIXED_MIXING_RATIO
moon_1.2atm_edge_230nm,edge_230nm,121590.0,middle_atmosphere,0.3,181.28,1e-06,2.22442e-05,converged,196.74015143385174,2.3194871674777304,0.0001437470582225299,20.83488140431373,MOLECULAR_LIMIT_ONLY PRESCRIBED_LOWER_ATMOSPHERE NO_IR_COOLING NET_HEATING_INPUT_NOT_SPECTRAL_PREDICTION FIXED_MIXING_RATIO
moon_1.2atm_edge_230nm,edge_230nm,121590.0,middle_atmosphere,0.3,181.28,3e-06,2.22442e-05,converged,228.22394186716897,2.564360431031889,0.01050122684250031,16.24559937285657,MOLECULAR_LIMIT_ONLY PRESCRIBED_LOWER_ATMOSPHERE NO_IR_COOLING NET_HEATING_INPUT_NOT_SPECTRAL_PREDICTION FIXED_MIXING_RATIO
moon_1.2atm_edge_230nm,edge_230nm,121590.0,middle_atmosphere,0.3,181.28,1e-05,2.22442e-05,converged,316.43551294435497,3.8989872727171604,24.371585871267126,7.706176878258232,MOLECULAR_LIMIT_ONLY PRESCRIBED_LOWER_ATMOSPHERE NO_IR_COOLING NET_HEATING_INPUT_NOT_SPECTRAL_PREDICTION FIXED_MIXING_RATIO KINETIC_ESCAPE_SENSITIVITY_REQUIRED EARTH_TIDES_REQUIRE_REVIEW
moon_1.2atm_edge_230nm,edge_230nm,121590.0,middle_atmosphere_top,0.1,176.43,0.0,2.22442e-05,converged,176.43099689178604,2.147493984873503,2.548798413885654e-06,25.09395784628903,MOLECULAR_LIMIT_ONLY PRESCRIBED_LOWER_ATMOSPHERE NO_IR_COOLING NET_HEATING_INPUT_NOT_SPECTRAL_PREDICTION FIXED_MIXING_RATIO
moon_1.2atm_edge_230nm,edge_230nm,121590.0,middle_atmosphere_top,0.1,176.43,1e-06,2.22442e-05,converged,190.77159511821313,2.2281836577935024,3.366258382262935e-05,22.367184107939384,MOLECULAR_LIMIT_ONLY PRESCRIBED_LOWER_ATMOSPHERE NO_IR_COOLING NET_HEATING_INPUT_NOT_SPECTRAL_PREDICTION FIXED_MIXING_RATIO
moon_1.2atm_edge_230nm,edge_230nm,121590.0,middle_atmosphere_top,0.1,176.43,3e-06,2.22442e-05,converged,219.91367045512058,2.416659940579768,0.0022514240085755627,17.889913384661007,MOLECULAR_LIMIT_ONLY PRESCRIBED_LOWER_ATMOSPHERE NO_IR_COOLING NET_HEATING_INPUT_NOT_SPECTRAL_PREDICTION FIXED_MIXING_RATIO
moon_1.2atm_edge_230nm,edge_230nm,121590.0,middle_atmosphere_top,0.1,176.43,1e-05,2.22442e-05,converged,316.00104499875516,3.5038116764109177,11.026238104006971,8.587104218645635,MOLECULAR_LIMIT_ONLY PRESCRIBED_LOWER_ATMOSPHERE NO_IR_COOLING NET_HEATING_INPUT_NOT_SPECTRAL_PREDICTION FIXED_MIXING_RATIO KINETIC_ESCAPE_SENSITIVITY_REQUIRED
moon_1.2atm_edge_230nm,edge_230nm,121590.0,middle_atmosphere,10.0,221.46,0.0,2.22442e-05,converged,221.29774333580062,3.1172811088453054,0.10846899859357864,13.782343041089405,MOLECULAR_LIMIT_ONLY PRESCRIBED_LOWER_ATMOSPHERE NO_IR_COOLING NET_HEATING_INPUT_NOT_SPECTRAL_PREDICTION FIXED_MIXING_RATIO KINETIC_ESCAPE_SENSITIVITY_REQUIRED
moon_1.2atm_edge_230nm,edge_230nm,121590.0,middle_atmosphere,10.0,221.46,1e-06,2.22442e-05,converged,239.66918620606504,3.4655263008551387,0.9192925147724617,11.447077095356686,MOLECULAR_LIMIT_ONLY PRESCRIBED_LOWER_ATMOSPHERE NO_IR_COOLING NET_HEATING_INPUT_NOT_SPECTRAL_PREDICTION FIXED_MIXING_RATIO KINETIC_ESCAPE_SENSITIVITY_REQUIRED
moon_1.2atm_edge_230nm,edge_230nm,121590.0,middle_atmosphere,10.0,221.46,3e-06,2.22442e-05,converged,264.21902106156625,4.18070099465509,11.840702610673398,8.607218367680037,MOLECULAR_LIMIT_ONLY PRESCRIBED_LOWER_ATMOSPHERE NO_IR_COOLING NET_HEATING_INPUT_NOT_SPECTRAL_PREDICTION FIXED_MIXING_RATIO KINETIC_ESCAPE_SENSITIVITY_REQUIRED EARTH_TIDES_REQUIRE_REVIEW
moon_1.2atm_edge_230nm,edge_230nm,121590.0,middle_atmosphere,10.0,221.46,1e-05,2.22442e-05,converged,278.4257797957091,5.589943761195879,106.88384455622194,6.108845267549876,MOLECULAR_LIMIT_ONLY PRESCRIBED_LOWER_ATMOSPHERE NO_IR_COOLING NET_HEATING_INPUT_NOT_SPECTRAL_PREDICTION FIXED_MIXING_RATIO KINETIC_ESCAPE_SENSITIVITY_REQUIRED EARTH_TIDES_REQUIRE_REVIEW
moon_1.2atm_edge_230nm,edge_230nm,121590.0,baseline_180K,0.1,180.0,0.0,2.22442e-05,converged,179.99999145900597,2.1989298638585146,7.083150651170422e-06,24.021058792959085,MOLECULAR_LIMIT_ONLY PRESCRIBED_LOWER_ATMOSPHERE NO_IR_COOLING NET_HEATING_INPUT_NOT_SPECTRAL_PREDICTION FIXED_MIXING_RATIO
moon_1.2atm_edge_230nm,edge_230nm,121590.0,baseline_180K,0.1,180.0,1e-06,2.22442e-05,converged,194.3880545977243,2.2845377516748324,8.345555595783384e-05,21.409577435947558,MOLECULAR_LIMIT_ONLY PRESCRIBED_LOWER_ATMOSPHERE NO_IR_COOLING NET_HEATING_INPUT_NOT_SPECTRAL_PREDICTION FIXED_MIXING_RATIO
moon_1.2atm_edge_230nm,edge_230nm,121590.0,baseline_180K,0.1,180.0,3e-06,2.22442e-05,converged,223.64060526926986,2.485714005130814,0.004710577808463029,17.103074597621948,MOLECULAR_LIMIT_ONLY PRESCRIBED_LOWER_ATMOSPHERE NO_IR_COOLING NET_HEATING_INPUT_NOT_SPECTRAL_PREDICTION FIXED_MIXING_RATIO
moon_1.2atm_edge_230nm,edge_230nm,121590.0,baseline_180K,0.1,180.0,1e-05,2.22442e-05,converged,316.54736458231366,3.623934676213993,14.436140373645463,8.288137462081341,MOLECULAR_LIMIT_ONLY PRESCRIBED_LOWER_ATMOSPHERE NO_IR_COOLING NET_HEATING_INPUT_NOT_SPECTRAL_PREDICTION FIXED_MIXING_RATIO KINETIC_ESCAPE_SENSITIVITY_REQUIRED EARTH_TIDES_REQUIRE_REVIEW
moon_1.2atm_edge_240nm,edge_240nm,121590.0,middle_atmosphere,0.3,171.03,0.0,9.93448e-07,converged,171.02869405007647,2.074760311385551,5.028774134226056e-07,26.794095255382434,MOLECULAR_LIMIT_ONLY PRESCRIBED_LOWER_ATMOSPHERE NO_IR_COOLING NET_HEATING_INPUT_NOT_SPECTRAL_PREDICTION FIXED_MIXING_RATIO
moon_1.2atm_edge_240nm,edge_240nm,121590.0,middle_atmosphere,0.3,171.03,1e-06,9.93448e-07,converged,186.35582188834982,2.1606567071017433,1.0305652474602671e-05,23.612788281049212,MOLECULAR_LIMIT_ONLY PRESCRIBED_LOWER_ATMOSPHERE NO_IR_COOLING NET_HEATING_INPUT_NOT_SPECTRAL_PREDICTION FIXED_MIXING_RATIO
moon_1.2atm_edge_240nm,edge_240nm,121590.0,middle_atmosphere,0.3,171.03,3e-06,9.93448e-07,converged,217.52199459062925,2.3640902637286834,0.0012811092636718059,18.488802227976475,MOLECULAR_LIMIT_ONLY PRESCRIBED_LOWER_ATMOSPHERE NO_IR_COOLING NET_HEATING_INPUT_NOT_SPECTRAL_PREDICTION FIXED_MIXING_RATIO
moon_1.2atm_edge_240nm,edge_240nm,121590.0,middle_atmosphere,0.3,171.03,1e-05,9.93448e-07,converged,317.39569044179314,3.5751724028712073,13.284287982185576,8.378726092933276,MOLECULAR_LIMIT_ONLY PRESCRIBED_LOWER_ATMOSPHERE NO_IR_COOLING NET_HEATING_INPUT_NOT_SPECTRAL_PREDICTION FIXED_MIXING_RATIO KINETIC_ESCAPE_SENSITIVITY_REQUIRED EARTH_TIDES_REQUIRE_REVIEW
moon_1.2atm_edge_240nm,edge_240nm,121590.0,middle_atmosphere_top,0.1,171.5,0.0,9.93448e-07,converged,171.49599928075415,2.080823792783942,5.808766019919796e-07,26.643219945963644,MOLECULAR_LIMIT_ONLY PRESCRIBED_LOWER_ATMOSPHERE NO_IR_COOLING NET_HEATING_INPUT_NOT_SPECTRAL_PREDICTION FIXED_MIXING_RATIO
moon_1.2atm_edge_240nm,edge_240nm,121590.0,middle_atmosphere_top,0.1,171.5,1e-06,9.93448e-07,converged,185.77345265965053,2.155412166454625,9.095404831788816e-06,23.744445146601254,MOLECULAR_LIMIT_ONLY PRESCRIBED_LOWER_ATMOSPHERE NO_IR_COOLING NET_HEATING_INPUT_NOT_SPECTRAL_PREDICTION FIXED_MIXING_RATIO
moon_1.2atm_edge_240nm,edge_240nm,121590.0,middle_atmosphere_top,0.1,171.5,3e-06,9.93448e-07,converged,214.7678224533911,2.3283035045037903,0.0007822588049457093,19.013724746761675,MOLECULAR_LIMIT_ONLY PRESCRIBED_LOWER_ATMOSPHERE NO_IR_COOLING NET_HEATING_INPUT_NOT_SPECTRAL_PREDICTION FIXED_MIXING_RATIO
moon_1.2atm_edge_240nm,edge_240nm,121590.0,middle_atmosphere_top,0.1,171.5,1e-05,9.93448e-07,converged,314.3201423125535,3.3401243429349385,7.222339275184279,9.056098992306577,MOLECULAR_LIMIT_ONLY PRESCRIBED_LOWER_ATMOSPHERE NO_IR_COOLING NET_HEATING_INPUT_NOT_SPECTRAL_PREDICTION FIXED_MIXING_RATIO KINETIC_ESCAPE_SENSITIVITY_REQUIRED
moon_1.2atm_edge_240nm,edge_240nm,121590.0,middle_atmosphere,10.0,193.65,0.0,9.93448e-07,converged,193.65358500383968,2.425743400134984,0.0002558534051205683,20.239771655358872,MOLECULAR_LIMIT_ONLY PRESCRIBED_LOWER_ATMOSPHERE NO_IR_COOLING NET_HEATING_INPUT_NOT_SPECTRAL_PREDICTION FIXED_MIXING_RATIO
moon_1.2atm_edge_240nm,edge_240nm,121590.0,middle_atmosphere,10.0,193.65,1e-06,9.93448e-07,converged,212.67451890651665,2.6186666121456788,0.00497563845324261,17.071840247573505,MOLECULAR_LIMIT_ONLY PRESCRIBED_LOWER_ATMOSPHERE NO_IR_COOLING NET_HEATING_INPUT_NOT_SPECTRAL_PREDICTION FIXED_MIXING_RATIO
moon_1.2atm_edge_240nm,edge_240nm,121590.0,middle_atmosphere,10.0,193.65,3e-06,9.93448e-07,converged,250.97906167123747,3.1463078928895953,0.518007668142244,12.040299697004357,MOLECULAR_LIMIT_ONLY PRESCRIBED_LOWER_ATMOSPHERE NO_IR_COOLING NET_HEATING_INPUT_NOT_SPECTRAL_PREDICTION FIXED_MIXING_RATIO KINETIC_ESCAPE_SENSITIVITY_REQUIRED
moon_1.2atm_edge_240nm,edge_240nm,121590.0,middle_atmosphere,10.0,193.65,1e-05,9.93448e-07,converged,297.7184254634181,4.8273024331699785,66.26870328863686,6.615547411734016,MOLECULAR_LIMIT_ONLY PRESCRIBED_LOWER_ATMOSPHERE NO_IR_COOLING NET_HEATING_INPUT_NOT_SPECTRAL_PREDICTION FIXED_MIXING_RATIO KINETIC_ESCAPE_SENSITIVITY_REQUIRED EARTH_TIDES_REQUIRE_REVIEW
moon_1.2atm_edge_240nm,edge_240nm,121590.0,baseline_180K,0.1,180.0,0.0,9.93448e-07,converged,179.99999145900597,2.1989298638585146,7.083150651170422e-06,24.021058792959085,MOLECULAR_LIMIT_ONLY PRESCRIBED_LOWER_ATMOSPHERE NO_IR_COOLING NET_HEATING_INPUT_NOT_SPECTRAL_PREDICTION FIXED_MIXING_RATIO
moon_1.2atm_edge_240nm,edge_240nm,121590.0,baseline_180K,0.1,180.0,1e-06,9.93448e-07,converged,194.3880545977243,2.2845377516748324,8.345555595783384e-05,21.409577435947558,MOLECULAR_LIMIT_ONLY PRESCRIBED_LOWER_ATMOSPHERE NO_IR_COOLING NET_HEATING_INPUT_NOT_SPECTRAL_PREDICTION FIXED_MIXING_RATIO
moon_1.2atm_edge_240nm,edge_240nm,121590.0,baseline_180K,0.1,180.0,3e-06,9.93448e-07,converged,223.64060526926986,2.485714005130814,0.004710577808463029,17.103074597621948,MOLECULAR_LIMIT_ONLY PRESCRIBED_LOWER_ATMOSPHERE NO_IR_COOLING NET_HEATING_INPUT_NOT_SPECTRAL_PREDICTION FIXED_MIXING_RATIO
moon_1.2atm_edge_240nm,edge_240nm,121590.0,baseline_180K,0.1,180.0,1e-05,9.93448e-07,converged,316.54736458231366,3.623934676213993,14.436140373645463,8.288137462081341,MOLECULAR_LIMIT_ONLY PRESCRIBED_LOWER_ATMOSPHERE NO_IR_COOLING NET_HEATING_INPUT_NOT_SPECTRAL_PREDICTION FIXED_MIXING_RATIO KINETIC_ESCAPE_SENSITIVITY_REQUIRED EARTH_TIDES_REQUIRE_REVIEW
