layout,water_fraction,participating_atmosphere,olr_at_273_w_m2,olr_slope_w_m2_k,heat_transport_w_m2_k,water_depth_m,global_mean_K,minimum_K,maximum_K,grid_time_fraction_273_313,freezing_flag,radiative_extrapolation_flag,max_discrete_energy_residual_W_m2,periodic_residual_K,quadrature_normalization,status,land_min_K,land_max_K,water_min_K,water_max_K
dry,0.0,0.02,180.0,2.0,0.3,10.0,290.3287499999998,245.13037939131777,356.714131164371,0.39861111111111114,True,True,2.7615891947628737e-12,2.550369674596186e-13,0.9797811487312983,UNCALIBRATED_LINEAR_THERMAL_SCREEN_NOT_HABITABILITY_PROOF,245.13037939131777,356.714131164371,,
dry,0.0,0.02,180.0,2.0,1.0,10.0,290.32874999999973,252.70902729354182,346.9545086641618,0.44583333333333336,True,True,3.689647422296568e-12,1.6680971992988233e-13,0.9797811487312983,UNCALIBRATED_LINEAR_THERMAL_SCREEN_NOT_HABITABILITY_PROOF,252.70902729354182,346.9545086641618,,
dry,0.0,0.02,200.0,2.0,0.3,10.0,280.3287499999999,235.1303793913179,346.71413116437105,0.3384259259259259,True,True,2.0183213222690743e-12,2.1552368608445568e-13,0.9797811487312983,UNCALIBRATED_LINEAR_THERMAL_SCREEN_NOT_HABITABILITY_PROOF,235.1303793913179,346.71413116437105,,
dry,0.0,0.02,200.0,2.0,1.0,10.0,280.3287499999999,242.70902729354196,336.9545086641619,0.3861111111111111,True,False,1.9604780913425236e-12,1.0458321624023248e-13,0.9797811487312983,UNCALIBRATED_LINEAR_THERMAL_SCREEN_NOT_HABITABILITY_PROOF,242.70902729354196,336.9545086641619,,
dry,0.0,0.02,220.0,2.0,0.3,10.0,270.32875000000007,225.13037939131803,336.7141311643712,0.28564814814814815,True,False,1.4690833225671644e-12,1.7075941347652822e-13,0.9797811487312983,UNCALIBRATED_LINEAR_THERMAL_SCREEN_NOT_HABITABILITY_PROOF,225.13037939131803,336.7141311643712,,
dry,0.0,0.02,220.0,2.0,1.0,10.0,270.32875000000007,232.70902729354208,326.954508664162,0.3416666666666667,True,False,1.232962313349521e-12,4.3966624351701666e-14,0.9797811487312983,UNCALIBRATED_LINEAR_THERMAL_SCREEN_NOT_HABITABILITY_PROOF,232.70902729354208,326.954508664162,,
dry,0.0,0.1,180.0,2.0,0.3,10.0,290.32874999999984,262.2664896720111,323.38938528799116,0.7314814814814815,True,False,9.655183765028494e-12,2.425296581248176e-13,0.9797811487312983,UNCALIBRATED_LINEAR_THERMAL_SCREEN_NOT_HABITABILITY_PROOF,262.2664896720111,323.38938528799116,,
dry,0.0,0.1,180.0,2.0,1.0,10.0,290.32874999999984,271.184436993934,316.32383183239835,0.9009259259259259,True,False,9.297120370479836e-12,2.0545567261475624e-13,0.9797811487312983,UNCALIBRATED_LINEAR_THERMAL_SCREEN_NOT_HABITABILITY_PROOF,271.184436993934,316.32383183239835,,
dry,0.0,0.1,200.0,2.0,0.3,10.0,280.32875,252.26648967201123,313.3893852879912,0.6101851851851852,True,False,5.454010333021231e-12,2.475160299047671e-13,0.9797811487312983,UNCALIBRATED_LINEAR_THERMAL_SCREEN_NOT_HABITABILITY_PROOF,252.26648967201123,313.3893852879912,,
dry,0.0,0.1,200.0,2.0,1.0,10.0,280.32875,261.1844369939342,306.32383183239847,0.6606481481481481,True,False,5.329036230927844e-12,2.3788323055520205e-13,0.9797811487312983,UNCALIBRATED_LINEAR_THERMAL_SCREEN_NOT_HABITABILITY_PROOF,261.1844369939342,306.32383183239847,,
dry,0.0,0.1,220.0,2.0,0.3,10.0,270.32874999999996,242.2664896720113,303.3893852879913,0.4134259259259259,True,False,2.1993902048810822e-12,1.4715589755586083e-13,0.9797811487312983,UNCALIBRATED_LINEAR_THERMAL_SCREEN_NOT_HABITABILITY_PROOF,242.2664896720113,303.3893852879913,,
dry,0.0,0.1,220.0,2.0,1.0,10.0,270.32875000000007,251.18443699393427,296.32383183239847,0.34305555555555556,True,False,1.9904744423776456e-12,1.1837068431465698e-13,0.9797811487312983,UNCALIBRATED_LINEAR_THERMAL_SCREEN_NOT_HABITABILITY_PROOF,251.18443699393427,296.32383183239847,,
dry,0.0,1.0,180.0,2.0,0.3,10.0,290.32875000000007,271.67015026359417,306.09424096723353,0.8194444444444444,True,False,5.3540952146642434e-11,3.953485374945206e-13,0.9797811487312983,UNCALIBRATED_LINEAR_THERMAL_SCREEN_NOT_HABITABILITY_PROOF,271.67015026359417,306.09424096723353,,
dry,0.0,1.0,180.0,2.0,1.0,10.0,290.32875000000007,280.77802552784686,299.1186120115247,1.0,False,False,5.311901416930134e-11,4.838638039477629e-13,0.9797811487312983,UNCALIBRATED_LINEAR_THERMAL_SCREEN_NOT_HABITABILITY_PROOF,280.77802552784686,299.1186120115247,,
dry,0.0,1.0,200.0,2.0,0.3,10.0,280.3287500000001,261.67015026359434,296.0942409672336,0.6666666666666666,True,False,2.971657089840159e-11,2.878987215125113e-13,0.9797811487312983,UNCALIBRATED_LINEAR_THERMAL_SCREEN_NOT_HABITABILITY_PROOF,261.67015026359434,296.0942409672336,,
dry,0.0,1.0,200.0,2.0,1.0,10.0,280.3287500000001,270.778025527847,289.1186120115247,0.725925925925926,True,False,2.3788337504510402e-11,3.80168810766543e-13,0.9797811487312983,UNCALIBRATED_LINEAR_THERMAL_SCREEN_NOT_HABITABILITY_PROOF,270.778025527847,289.1186120115247,,
dry,0.0,1.0,220.0,2.0,0.3,10.0,270.32874999999996,251.67015026359417,286.0942409672334,0.5736111111111111,True,False,1.7722742477998086e-11,1.5844724882285484e-13,0.9797811487312983,UNCALIBRATED_LINEAR_THERMAL_SCREEN_NOT_HABITABILITY_PROOF,251.67015026359417,286.0942409672334,,
dry,0.0,1.0,220.0,2.0,1.0,10.0,270.32874999999996,260.77802552784686,279.11861201152453,0.43472222222222223,True,False,1.534940551877216e-11,2.5072040270187576e-13,0.9797811487312983,UNCALIBRATED_LINEAR_THERMAL_SCREEN_NOT_HABITABILITY_PROOF,260.77802552784686,279.11861201152453,,
concentrated,0.5,0.02,180.0,2.0,0.3,10.0,290.3287500000007,243.9617025111289,359.9216399771864,0.6181905864197531,True,True,3.331564778752594e-11,7.764493395111388e-13,0.9797811487312983,UNCALIBRATED_LINEAR_THERMAL_SCREEN_NOT_HABITABILITY_PROOF,243.9617025111289,359.9216399771864,268.511807461821,308.9485568832956
concentrated,0.5,0.02,180.0,2.0,1.0,10.0,290.32875000000104,250.97290958320895,351.71527817510247,0.7554591049382716,True,True,3.099755544485881e-11,5.033180183945083e-13,0.9797811487312983,UNCALIBRATED_LINEAR_THERMAL_SCREEN_NOT_HABITABILITY_PROOF,250.97290958320895,351.71527817510247,275.46492261793816,304.3440680776539
concentrated,0.5,0.02,200.0,2.0,0.3,10.0,280.3287500000005,233.96170251112875,349.9216399771864,0.5021026234567901,True,True,1.8158732221920338e-11,5.139547556417864e-13,0.9797811487312983,UNCALIBRATED_LINEAR_THERMAL_SCREEN_NOT_HABITABILITY_PROOF,233.96170251112875,349.9216399771864,258.51180746182087,298.94855688329534
concentrated,0.5,0.02,200.0,2.0,1.0,10.0,280.3287500000005,240.97290958320872,341.7152781751023,0.5990162037037037,True,True,1.080818254366674e-11,3.0678400027999177e-13,0.9797811487312983,UNCALIBRATED_LINEAR_THERMAL_SCREEN_NOT_HABITABILITY_PROOF,240.97290958320872,341.7152781751023,265.46492261793793,294.3440680776535
concentrated,0.5,0.02,220.0,2.0,0.3,10.0,270.32875000000035,223.96170251112864,339.92163997718626,0.41043595679012346,True,False,6.366027731124379e-12,9.419787466383088e-13,0.9797811487312983,UNCALIBRATED_LINEAR_THERMAL_SCREEN_NOT_HABITABILITY_PROOF,223.96170251112864,339.92163997718626,248.5118074618206,288.9485568832951
concentrated,0.5,0.02,220.0,2.0,1.0,10.0,270.32875000000007,230.97290958320858,331.7152781751021,0.37712191358024694,True,False,5.656638090387893e-12,2.1394466066287708e-13,0.9797811487312983,UNCALIBRATED_LINEAR_THERMAL_SCREEN_NOT_HABITABILITY_PROOF,230.97290958320858,331.7152781751021,255.46492261793765,284.3440680776531
concentrated,0.5,0.1,180.0,2.0,0.3,10.0,290.3287499999992,261.94788361206656,323.8368403324634,0.7774884259259259,True,False,4.06692773050302e-11,1.6657606824557645e-12,0.9797811487312983,UNCALIBRATED_LINEAR_THERMAL_SCREEN_NOT_HABITABILITY_PROOF,261.94788361206656,323.8368403324634,270.2450359026957,307.5439883809499
concentrated,0.5,0.1,180.0,2.0,1.0,10.0,290.3287499999994,270.6616596573767,317.7211510334747,0.9606095679012345,True,False,3.587602081791204e-11,8.56229888742213e-13,0.9797811487312983,UNCALIBRATED_LINEAR_THERMAL_SCREEN_NOT_HABITABILITY_PROOF,270.6616596573767,317.7211510334747,278.33058823300655,301.4650056559277
concentrated,0.5,0.1,200.0,2.0,0.3,10.0,280.3287499999995,251.94788361206668,313.8368403324634,0.6372299382716049,True,False,1.8300404827450924e-11,9.833038903654422e-13,0.9797811487312983,UNCALIBRATED_LINEAR_THERMAL_SCREEN_NOT_HABITABILITY_PROOF,251.94788361206668,313.8368403324634,260.2450359026961,297.54398838094994
concentrated,0.5,0.1,200.0,2.0,1.0,10.0,280.32874999999956,260.66165965737684,307.72115103347477,0.7194251543209876,True,False,1.8321963702205577e-11,4.663565252776228e-13,0.9797811487312983,UNCALIBRATED_LINEAR_THERMAL_SCREEN_NOT_HABITABILITY_PROOF,260.66165965737684,307.72115103347477,268.330588233007,291.4650056559278
concentrated,0.5,0.1,220.0,2.0,0.3,10.0,270.3287499999998,241.94788361206682,303.83684033246345,0.4804398148148148,True,False,1.0495578859724253e-11,6.306122931709773e-13,0.9797811487312983,UNCALIBRATED_LINEAR_THERMAL_SCREEN_NOT_HABITABILITY_PROOF,241.94788361206682,303.83684033246345,250.24503590269654,287.54398838095017
concentrated,0.5,0.1,220.0,2.0,1.0,10.0,270.32874999999973,250.661659657377,297.7211510334749,0.3949652777777778,True,False,6.406065641383023e-12,3.752567823211409e-13,0.9797811487312983,UNCALIBRATED_LINEAR_THERMAL_SCREEN_NOT_HABITABILITY_PROOF,250.661659657377,297.7211510334749,258.3305882330074,281.46500565592794
concentrated,0.5,1.0,180.0,2.0,0.3,10.0,290.3287499999993,271.6679366159704,306.10218912278896,0.8155671296296296,True,False,7.433236945802178e-11,1.0170460328358817e-12,0.9797811487312983,UNCALIBRATED_LINEAR_THERMAL_SCREEN_NOT_HABITABILITY_PROOF,271.6679366159704,306.10218912278896,272.12606440737136,305.25214046309014
concentrated,0.5,1.0,180.0,2.0,1.0,10.0,290.32875000000047,280.76548864312315,299.13666473694434,1.0,False,False,6.569059717392691e-11,5.777315520670052e-13,0.9797811487312983,UNCALIBRATED_LINEAR_THERMAL_SCREEN_NOT_HABITABILITY_PROOF,280.76548864312315,299.13666473694434,281.1942436032068,298.2845026065099
concentrated,0.5,1.0,200.0,2.0,0.3,10.0,280.32874999999956,261.6679366159706,296.1021891227891,0.6666666666666666,True,False,3.6546230732764415e-11,8.110940818925389e-13,0.9797811487312983,UNCALIBRATED_LINEAR_THERMAL_SCREEN_NOT_HABITABILITY_PROOF,261.6679366159706,296.1021891227891,262.1260644073716,295.2521404630903
concentrated,0.5,1.0,200.0,2.0,1.0,10.0,280.32875000000035,270.765488643123,289.1366647369442,0.696141975308642,True,False,3.326547207306719e-11,3.077827998150828e-13,0.9797811487312983,UNCALIBRATED_LINEAR_THERMAL_SCREEN_NOT_HABITABILITY_PROOF,270.765488643123,289.1366647369442,271.19424360320653,288.28450260650965
concentrated,0.5,1.0,220.0,2.0,0.3,10.0,270.32874999999984,251.66793661597086,286.10218912278924,0.5958140432098765,True,False,2.474265858002926e-11,6.875671438594172e-13,0.9797811487312983,UNCALIBRATED_LINEAR_THERMAL_SCREEN_NOT_HABITABILITY_PROOF,251.66793661597086,286.10218912278924,252.12606440737204,285.2521404630904
concentrated,0.5,1.0,220.0,2.0,1.0,10.0,270.3287500000002,260.7654886431228,279.13666473694406,0.4161265432098765,True,False,2.0061559572289477e-11,2.1649113155957615e-13,0.9797811487312983,UNCALIBRATED_LINEAR_THERMAL_SCREEN_NOT_HABITABILITY_PROOF,260.7654886431228,279.13666473694406,261.1942436032063,278.2845026065095
distributed,0.5,0.02,180.0,2.0,0.3,10.0,290.3287500000002,264.9471307264266,339.69848577263684,0.7240740740740741,True,False,1.8881981139284814e-11,4.4514136751085193e-13,0.9797811487312983,UNCALIBRATED_LINEAR_THERMAL_SCREEN_NOT_HABITABILITY_PROOF,264.9471307264266,339.69848577263684,268.98031432015966,309.47679221383515
distributed,0.5,0.02,180.0,2.0,1.0,10.0,290.32874999999996,276.7416019767702,313.28369168260883,0.9946759259259259,False,False,1.8505085810984696e-11,2.60299565913417e-13,0.9797811487312983,UNCALIBRATED_LINEAR_THERMAL_SCREEN_NOT_HABITABILITY_PROOF,276.7416019767702,313.28369168260883,277.82498930302705,303.65901376939985
distributed,0.5,0.02,200.0,2.0,0.3,10.0,280.3287500000001,254.9471307264266,329.69848577263656,0.5418981481481482,True,False,1.0001521313263421e-11,4.1840420753249696e-13,0.9797811487312983,UNCALIBRATED_LINEAR_THERMAL_SCREEN_NOT_HABITABILITY_PROOF,254.9471307264266,329.69848577263656,258.9803143201596,299.476792213835
distributed,0.5,0.02,200.0,2.0,1.0,10.0,280.32874999999996,266.74160197677037,303.2836916826087,0.7847222222222222,True,False,8.107388092445639e-12,3.204724483910781e-13,0.9797811487312983,UNCALIBRATED_LINEAR_THERMAL_SCREEN_NOT_HABITABILITY_PROOF,266.74160197677037,303.2836916826087,267.82498930302734,293.65901376939985
distributed,0.5,0.02,220.0,2.0,0.3,10.0,270.32874999999996,244.94713072642656,319.69848577263633,0.4009259259259259,True,False,7.316671446496282e-12,3.095309963137188e-13,0.9797811487312983,UNCALIBRATED_LINEAR_THERMAL_SCREEN_NOT_HABITABILITY_PROOF,244.94713072642656,319.69848577263633,248.98031432015964,289.47679221383476
distributed,0.5,0.02,220.0,2.0,1.0,10.0,270.3287499999999,256.74160197677054,293.2836916826087,0.3416666666666667,True,False,5.04593163230813e-12,3.065438494815674e-13,0.9797811487312983,UNCALIBRATED_LINEAR_THERMAL_SCREEN_NOT_HABITABILITY_PROOF,256.74160197677054,293.2836916826087,257.82498930302745,283.6590137693999
distributed,0.5,0.1,180.0,2.0,0.3,10.0,290.32875000000007,266.9051560601041,322.29946828565386,0.7759259259259259,True,False,3.00912806636918e-11,3.866012083069731e-13,0.9797811487312983,UNCALIBRATED_LINEAR_THERMAL_SCREEN_NOT_HABITABILITY_PROOF,266.9051560601041,322.29946828565386,270.04301295443946,307.6500163802681
distributed,0.5,0.1,180.0,2.0,1.0,10.0,290.32875000000007,277.87534687749314,309.42399223335485,1.0,False,False,2.8556044960553063e-11,5.029893739431456e-13,0.9797811487312983,UNCALIBRATED_LINEAR_THERMAL_SCREEN_NOT_HABITABILITY_PROOF,277.87534687749314,309.42399223335485,278.76114296835476,301.87089320534596
distributed,0.5,0.1,200.0,2.0,0.3,10.0,280.32875000000007,256.9051560601042,312.2994682856536,0.6435185185185185,True,False,1.1571341044654418e-11,3.04625701552089e-13,0.9797811487312983,UNCALIBRATED_LINEAR_THERMAL_SCREEN_NOT_HABITABILITY_PROOF,256.9051560601042,312.2994682856536,260.0430129544395,297.6500163802679
distributed,0.5,0.1,200.0,2.0,1.0,10.0,280.32874999999996,267.87534687749326,299.4239922333547,0.7930555555555555,True,False,1.0394714124264976e-11,1.3967439542158249e-13,0.9797811487312983,UNCALIBRATED_LINEAR_THERMAL_SCREEN_NOT_HABITABILITY_PROOF,267.87534687749326,299.4239922333547,268.7611429683549,291.87089320534574
distributed,0.5,0.1,220.0,2.0,0.3,10.0,270.32874999999996,246.90515606010408,302.2994682856536,0.4775462962962963,True,False,8.413094219732992e-12,4.619928971558958e-13,0.9797811487312983,UNCALIBRATED_LINEAR_THERMAL_SCREEN_NOT_HABITABILITY_PROOF,246.90515606010408,302.2994682856536,250.04301295443935,287.6500163802679
distributed,0.5,0.1,220.0,2.0,1.0,10.0,270.32874999999996,257.8753468774932,289.4239922333546,0.36203703703703705,True,False,5.246762816778571e-12,1.4690158091124534e-13,0.9797811487312983,UNCALIBRATED_LINEAR_THERMAL_SCREEN_NOT_HABITABILITY_PROOF,257.8753468774932,289.4239922333546,258.7611429683549,281.87089320534574
distributed,0.5,1.0,180.0,2.0,0.3,10.0,290.32874999999984,271.6983941556429,306.09939855290804,0.8157407407407408,True,False,5.825823926557753e-11,6.992516630709611e-13,0.9797811487312983,UNCALIBRATED_LINEAR_THERMAL_SCREEN_NOT_HABITABILITY_PROOF,271.6983941556429,306.09939855290804,272.12097495677733,305.2475073523976
distributed,0.5,1.0,180.0,2.0,1.0,10.0,290.32875000000064,280.90135985674215,299.116168561032,1.0,False,False,7.538397415382953e-11,5.855355618149596e-13,0.9797811487312983,UNCALIBRATED_LINEAR_THERMAL_SCREEN_NOT_HABITABILITY_PROOF,280.90135985674215,299.116168561032,281.16615593561744,298.27835050296835
distributed,0.5,1.0,200.0,2.0,0.3,10.0,280.32874999999996,261.69839415564303,296.0993985529081,0.6666666666666666,True,False,3.606777289292479e-11,3.6305978405986145e-13,0.9797811487312983,UNCALIBRATED_LINEAR_THERMAL_SCREEN_NOT_HABITABILITY_PROOF,261.69839415564303,296.0993985529081,262.12097495677745,295.2475073523975
distributed,0.5,1.0,200.0,2.0,1.0,10.0,280.32875000000024,270.90135985674186,289.1161685610316,0.6925925925925925,True,False,3.9492890997082216e-11,4.593198392884169e-13,0.9797811487312983,UNCALIBRATED_LINEAR_THERMAL_SCREEN_NOT_HABITABILITY_PROOF,270.90135985674186,289.1161685610316,271.16615593561716,288.27835050296795
distributed,0.5,1.0,220.0,2.0,0.3,10.0,270.32875,251.6983941556431,286.09939855290816,0.5951388888888889,True,False,2.4955023120860264e-11,3.149292968068799e-13,0.9797811487312983,UNCALIBRATED_LINEAR_THERMAL_SCREEN_NOT_HABITABILITY_PROOF,251.6983941556431,286.09939855290816,252.1209749567775,285.2475073523976
distributed,0.5,1.0,220.0,2.0,1.0,10.0,270.3287499999999,260.90135985674146,279.11616856103126,0.41597222222222224,True,False,1.8163063245866586e-11,2.738689528548026e-13,0.9797811487312983,UNCALIBRATED_LINEAR_THERMAL_SCREEN_NOT_HABITABILITY_PROOF,260.90135985674146,279.11616856103126,261.1661559356167,278.2783505029676
