layer,p_pa,z_km,t_k,h2o,sw_heating_k_day,lw_heating_k_day,uv_heating_k_day,day_night_k,relaxation_days,O,O1D,O3,H,OH,HO2,H2O2,H2,NO,NO2,NO3,N2O5,HNO3,N2O,J(O2),J(O3*),J(NO2)
0,115608,3.71814,295.357,0.0168004,0.128467,-0.166741,0.000522748,,,1.41425e-18,1.60118e-24,9.66638e-10,8.11536e-23,5.60082e-15,1.21704e-12,1.34324e-10,5.3e-07,1e-30,1e-30,1e-30,1e-30,1e-30,1e-30,1.33345e-75,1.65258e-06,0.00172801
1,100473,11.1111,289.98,0.0120088,0.118339,-0.258296,0.000577478,,,2.02011e-18,3.15728e-24,1.02419e-09,1.34144e-22,9.58621e-15,1.63638e-12,1.36364e-10,5.29488e-07,1e-30,1e-30,1e-30,1e-30,1e-30,1e-30,1.65928e-71,2.67644e-06,0.00240319
2,87320.6,18.4151,284.39,0.00834442,0.12686,-0.284499,0.000603789,,,2.9403e-18,5.19027e-24,1.13279e-09,1.79767e-22,1.34406e-14,1.94444e-12,1.2759e-10,5.29034e-07,1e-30,1e-30,1e-30,1e-30,1e-30,1e-30,1.94437e-67,3.48522e-06,0.00297945
3,75889.6,25.6241,278.522,0.00559678,0.135286,-0.236054,0.000611047,,,4.3482e-18,7.95599e-24,1.29917e-09,2.13873e-22,1.69607e-14,2.13537e-12,1.11438e-10,5.28655e-07,1e-30,1e-30,1e-30,1e-30,1e-30,1e-30,1.66771e-63,4.10719e-06,0.00346832
4,65955,32.7321,272.507,0.00358457,0.143625,-0.229335,0.000605521,,,6.48936e-18,1.17496e-23,1.52679e-09,2.33013e-22,1.98129e-14,2.20606e-12,9.18054e-11,5.28353e-07,1e-30,1e-30,1e-30,1e-30,1e-30,1e-30,1.76393e-59,4.57395e-06,0.00388007
5,57320.9,39.734,266.338,0.00215705,0.149151,-0.280283,0.000587904,,,9.6789e-18,1.70031e-23,1.81725e-09,2.35361e-22,2.17224e-14,2.15992e-12,7.18088e-11,5.28122e-07,1e-30,1e-30,1e-30,1e-30,1e-30,1e-30,1.56886e-55,4.9507e-06,0.00422386
6,49817.1,46.6194,259.66,0.00119799,0.151871,-0.355709,0.000567825,,,1.42225e-17,2.38257e-23,2.17e-09,2.188e-22,2.25134e-14,1.99807e-12,5.35186e-11,5.2795e-07,1e-30,1e-30,1e-30,1e-30,1e-30,1e-30,8.09848e-52,5.20298e-06,0.00450689
7,43295.7,53.3701,252.274,0.000604287,0.146099,-0.387306,0.000548474,,,2.03851e-17,3.22632e-23,2.58184e-09,1.87279e-22,2.23094e-14,1.74928e-12,3.81773e-11,5.27823e-07,1e-30,1e-30,1e-30,1e-30,1e-30,1e-30,2.80963e-48,5.34018e-06,0.0047362
8,37627.9,59.9652,244.231,0.000273701,0.13184,-0.367207,0.00053503,,,2.83961e-17,4.26583e-23,3.04805e-09,1.49417e-22,2.14704e-14,1.46147e-12,2.62595e-11,5.27728e-07,1e-30,1e-30,1e-30,1e-30,1e-30,1e-30,5.65436e-45,5.42951e-06,0.00492828
9,32702.1,66.3861,235.718,0.000111314,0.109963,-0.339207,0.000523565,,,3.84814e-17,5.46817e-23,3.56384e-09,1.1299e-22,2.03648e-14,1.17835e-12,1.76003e-11,5.27653e-07,1e-30,1e-30,1e-30,1e-30,1e-30,1e-30,6.04943e-42,5.43443e-06,0.00509414
10,28421.1,72.6198,227.005,4.11358e-05,0.080475,-0.296494,0.000516714,,,5.09497e-17,6.82637e-23,4.12549e-09,8.29744e-23,1.93788e-14,9.31401e-13,1.16676e-11,5.2759e-07,1e-30,1e-30,1e-30,1e-30,1e-30,1e-30,4.02778e-39,5.37272e-06,0.00523084
11,24700.5,78.66,218.331,1.40472e-05,0.0566449,-0.209602,0.000512444,,,6.62466e-17,8.3876e-23,4.731e-09,6.06649e-23,1.88271e-14,7.34264e-13,7.82852e-12,5.27533e-07,1e-30,1e-30,1e-30,1e-30,1e-30,1e-30,1.82824e-36,5.29173e-06,0.0053482
12,21467,84.5057,209.852,4.49385e-06,0.0384783,-0.0910274,0.000514421,,,8.52822e-17,1.0426e-22,5.37995e-09,4.55271e-23,1.91473e-14,5.90831e-13,5.54263e-12,5.27478e-07,1e-30,1e-30,1e-30,1e-30,1e-30,1e-30,5.16607e-34,5.32656e-06,0.00546321
13,18656.8,90.1841,203.453,2.10526e-06,0.0291225,-0.031219,0.000516151,0.476255,192.905,1.1303e-16,1.30036e-22,6.07622e-09,3.9515e-23,2.06536e-14,5.15577e-13,4.44442e-12,5.27423e-07,1e-30,1e-30,1e-30,1e-30,1e-30,1e-30,8.40144e-32,5.35161e-06,0.00556536
14,16214.5,95.777,201.111,2.10526e-06,0.0294247,-0.0281073,0.0013644,0.486194,178.021,7.12258e-16,7.34313e-22,3.00158e-08,2.51214e-23,1.29472e-14,2.83017e-13,7.74219e-13,5.25631e-07,1e-30,1e-30,1e-30,1e-30,1e-30,1e-30,8.36406e-30,5.4093e-06,0.00565806
15,14091.9,101.361,200.369,2.10526e-06,0.0318286,-0.0332697,0.00229482,0.529609,164.222,1.74284e-15,1.57522e-21,5.56884e-08,3.44287e-23,1.60054e-14,3.16251e-13,5.13645e-13,5.23764e-07,1e-30,1e-30,1e-30,1e-30,1e-30,1e-30,5.26386e-28,5.46571e-06,0.00574395
16,12247.1,106.962,199.891,2.10526e-06,0.0363462,-0.0356572,0.0033195,0.607041,148.967,3.45673e-15,2.73585e-21,8.33581e-08,5.13174e-23,2.12654e-14,3.9784e-13,6.34471e-13,5.2182e-07,1e-30,1e-30,1e-30,1e-30,1e-30,1e-30,2.176e-26,5.53137e-06,0.00582505
17,10643.9,112.59,199.811,2.10526e-06,0.0414399,-0.0421105,0.00446467,0.693785,135.071,6.2936e-15,4.35472e-21,1.13644e-07,7.52803e-23,2.71624e-14,4.93776e-13,8.08567e-13,5.19775e-07,1e-30,1e-30,1e-30,1e-30,1e-30,1e-30,6.15085e-25,5.616e-06,0.00590276
18,9250.48,118.25,199.712,2.10526e-06,0.047129,-0.0468133,0.00574969,0.790519,121.607,1.08516e-14,6.59852e-21,1.46894e-07,1.07492e-22,3.37505e-14,6.01379e-13,1.00239e-12,5.17632e-07,1e-30,1e-30,1e-30,1e-30,1e-30,1e-30,1.23466e-23,5.72592e-06,0.00597795
19,8039.52,123.943,199.771,2.10526e-06,0.0535627,-0.053917,0.00720508,0.898969,109.805,1.8156e-14,9.73072e-21,1.83708e-07,1.52677e-22,4.12551e-14,7.2529e-13,1.21905e-12,5.15375e-07,1e-30,1e-30,1e-30,1e-30,1e-30,1e-30,1.82217e-22,5.86528e-06,0.00605108
20,6987.07,129.674,199.854,2.10526e-06,0.0607698,-0.0606071,0.00885961,1.01965,98.8973,2.96928e-14,1.40963e-20,2.24572e-07,2.15529e-22,4.99258e-14,8.68116e-13,1.46361e-12,5.13e-07,1e-30,1e-30,1e-30,1e-30,1e-30,1e-30,2.0408e-21,6.03695e-06,0.00612225
21,6072.41,135.444,200.033,2.10526e-06,0.0688576,-0.0690572,0.0107525,1.15368,89.6953,4.78739e-14,2.02074e-20,2.70183e-07,3.05018e-22,6.00531e-14,1.03493e-12,1.74383e-12,5.10494e-07,1e-30,1e-30,1e-30,1e-30,1e-30,1e-30,1.78521e-20,6.24319e-06,0.00619139
22,5277.48,141.255,200.219,2.10526e-06,0.0778665,-0.0777699,0.012924,1.30179,81.1446,7.62527e-14,2.87549e-20,3.21178e-07,4.32016e-22,7.19711e-14,1.22927e-12,2.0663e-12,5.07848e-07,1e-30,1e-30,1e-30,1e-30,1e-30,1e-30,1.25197e-19,6.4861e-06,0.00625826
23,4586.61,147.109,200.449,2.10526e-06,0.0879201,-0.0880387,0.0154254,1.46591,74.0606,1.20452e-13,4.07433e-20,3.78386e-07,6.15369e-22,8.60903e-14,1.45688e-12,2.43958e-12,5.05048e-07,1e-30,1e-30,1e-30,1e-30,1e-30,1e-30,7.20768e-19,6.76797e-06,0.00632257
24,3986.18,153.005,200.692,2.10526e-06,0.0990745,-0.099013,0.0183128,1.64719,67.8667,1.88944e-13,5.75666e-20,4.42638e-07,8.82476e-22,1.02911e-13,1.72296e-12,2.87166e-12,5.02087e-07,1e-30,1e-30,1e-30,1e-30,1e-30,1e-30,3.48e-18,7.0915e-06,0.00638406
25,3464.36,158.947,200.989,2.10526e-06,0.111557,-0.111628,0.0216574,1.84981,62.5941,2.95068e-13,8.12481e-20,5.14982e-07,1.28061e-21,1.23074e-13,2.03491e-12,3.37219e-12,4.98947e-07,1e-30,1e-30,1e-30,1e-30,1e-30,1e-30,1.43663e-17,7.46009e-06,0.00644245
26,3010.84,164.937,201.339,2.10526e-06,0.125449,-0.125408,0.0255409,2.07542,57.9084,4.59281e-13,1.14656e-19,5.96544e-07,1.88685e-21,1.47397e-13,2.40011e-12,3.94997e-12,4.95618e-07,1e-30,1e-30,1e-30,1e-30,1e-30,1e-30,5.16038e-17,7.87799e-06,0.00649757
27,2616.7,170.976,201.788,2.10526e-06,0.141156,-0.141198,0.0300674,2.33122,53.9632,7.14001e-13,1.61988e-19,6.88731e-07,2.84023e-21,1.76966e-13,2.8282e-12,4.61438e-12,4.92081e-07,1e-30,1e-30,1e-30,1e-30,1e-30,1e-30,1.63855e-16,8.35062e-06,0.00654927
28,2274.15,177.068,202.339,2.10526e-06,0.158801,-0.158769,0.0353621,2.6198,50.4103,1.10962e-12,2.29301e-19,7.93123e-07,4.38855e-21,2.13228e-13,3.3286e-12,5.372e-12,4.8832e-07,1e-30,1e-30,1e-30,1e-30,1e-30,1e-30,4.66551e-16,8.88484e-06,0.00659751
29,1976.44,183.219,203.024,2.10526e-06,0.179043,-0.179065,0.041584,2.95257,47.2305,1.72633e-12,3.25548e-19,9.11646e-07,7.00555e-21,2.58173e-13,3.9124e-12,6.22725e-12,4.84313e-07,1e-30,1e-30,1e-30,1e-30,1e-30,1e-30,1.20678e-15,9.48975e-06,0.00664229
30,1717.71,189.432,203.85,2.10526e-06,0.202077,-0.20205,0.0489282,3.33358,44.264,2.69063e-12,4.64334e-19,1.04647e-06,1.16236e-20,3.14676e-13,4.59172e-12,7.18085e-12,4.80038e-07,1e-30,1e-30,1e-30,1e-30,1e-30,1e-30,2.86906e-15,1.01863e-05,0.00668368
31,1492.85,195.714,204.846,2.10526e-06,0.228868,-0.228878,0.0576415,3.77891,41.6392,4.20575e-12,6.65361e-19,1.20012e-06,2.01569e-20,3.86524e-13,5.37624e-12,8.21895e-12,4.75472e-07,1e-30,1e-30,1e-30,1e-30,1e-30,1e-30,6.33655e-15,1.09817e-05,0.0067218
32,1297.42,202.07,205.998,2.10526e-06,0.259722,-0.259693,0.0680276,4.2946,39.1853,6.5928e-12,9.5822e-19,1.37531e-06,3.66503e-20,4.79171e-13,6.27277e-12,9.31583e-12,4.70586e-07,1e-30,1e-30,1e-30,1e-30,1e-30,1e-30,1.3126e-14,1.18948e-05,0.00675683
33,1127.58,208.507,207.323,2.10526e-06,0.295851,-0.295853,0.0804606,4.89938,36.8322,1.0368e-11,1.38767e-18,1.57489e-06,7.00606e-20,6.00395e-13,7.28694e-12,1.04333e-11,4.65353e-07,1e-30,1e-30,1e-30,1e-30,1e-30,1e-30,2.57239e-14,1.29502e-05,0.00678895
34,979.968,215.031,208.84,2.10526e-06,0.337708,-0.337677,0.0953951,5.6013,34.4406,1.63609e-11,2.02156e-18,1.80152e-06,1.40878e-19,7.61307e-13,8.42165e-12,1.15207e-11,4.59743e-07,1e-30,1e-30,1e-30,1e-30,1e-30,1e-30,4.80654e-14,1.41803e-05,0.00681838
35,851.682,221.651,210.562,2.10526e-06,0.386453,-0.386448,0.113382,6.41706,32.2068,2.59014e-11,2.9631e-18,2.05745e-06,2.97365e-19,9.7779e-13,9.67636e-12,1.25186e-11,4.53721e-07,1e-30,1e-30,1e-30,1e-30,1e-30,1e-30,8.62216e-14,1.56269e-05,0.00684538
36,740.189,228.373,212.461,2.10526e-06,0.442741,-0.4427,0.13508,7.35931,30.0136,4.10839e-11,4.36821e-18,2.34393e-06,6.55259e-19,1.27239e-12,1.10442e-11,1.33652e-11,4.47254e-07,1e-30,1e-30,1e-30,1e-30,1e-30,1e-30,1.49391e-13,1.73444e-05,0.00687017
37,643.292,235.205,214.522,2.10526e-06,0.507254,-0.507241,0.161261,8.43798,27.8715,6.52044e-11,6.47352e-18,2.66055e-06,1.49738e-18,1.67697e-12,1.25179e-11,1.40081e-11,4.40308e-07,1e-30,1e-30,1e-30,1e-30,1e-30,1e-30,2.51321e-13,1.94044e-05,0.006893
38,559.08,242.154,216.732,2.10526e-06,0.580892,-0.580837,0.192823,9.67061,25.769,1.03399e-10,9.63736e-18,3.00458e-06,3.52237e-18,2.2363e-12,1.40923e-11,1.44147e-11,4.32853e-07,1e-30,1e-30,1e-30,1e-30,1e-30,1e-30,4.12329e-13,2.19018e-05,0.00691412
39,485.891,249.227,219.089,2.10526e-06,0.664106,-0.664077,0.231536,11.069,23.7901,1.63722e-10,1.4436e-17,3.37026e-06,8.48396e-18,3.01703e-12,1.57813e-11,1.45894e-11,4.24861e-07,1e-30,1e-30,1e-30,1e-30,1e-30,1e-30,6.62087e-13,2.50224e-05,0.00693374
40,422.284,256.43,221.582,2.10526e-06,0.758813,-0.758738,0.279296,12.6677,21.925,2.5854e-10,2.17511e-17,3.74851e-06,2.07826e-17,4.11174e-12,1.75981e-11,1.4543e-11,4.16306e-07,1e-30,1e-30,1e-30,1e-30,1e-30,1e-30,1.04336e-12,2.89813e-05,0.00695652
41,367.003,263.769,224.161,2.10526e-06,0.863246,-0.863194,0.337095,14.4403,20.1375,4.06046e-10,3.28485e-17,4.12699e-06,5.12558e-17,5.63956e-12,1.95402e-11,1.42835e-11,4.07174e-07,1e-30,1e-30,1e-30,1e-30,1e-30,1e-30,1.61683e-12,3.39774e-05,0.00698107
42,318.96,271.249,226.801,2.10526e-06,0.979458,-0.979349,0.40698,16.442,18.6352,6.33403e-10,4.96561e-17,4.49028e-06,1.2643e-16,7.76479e-12,2.16255e-11,1.38435e-11,3.97464e-07,1e-30,1e-30,1e-30,1e-30,1e-30,1e-30,2.46721e-12,4.03426e-05,0.00700497
43,277.205,278.875,229.477,2.10526e-06,1.10597,-1.10586,0.491449,18.6573,17.1881,9.80575e-10,7.49908e-17,4.82086e-06,3.10091e-16,1.0701e-11,2.3874e-11,1.3261e-11,3.87189e-07,1e-30,1e-30,1e-30,1e-30,1e-30,1e-30,3.71032e-12,4.84969e-05,0.00702832
44,240.917,286.649,232.199,2.10526e-06,1.24578,-1.24561,0.593496,21.1199,15.8534,1.50668e-09,1.12993e-16,5.09994e-06,7.53424e-16,1.47233e-11,2.6323e-11,1.2581e-11,3.76381e-07,1e-30,1e-30,1e-30,1e-30,1e-30,1e-30,5.50126e-12,5.90298e-05,0.00705126
45,209.378,294.578,234.968,2.10526e-06,1.39813,-1.39794,0.716569,23.8417,14.654,2.29854e-09,1.69586e-16,5.3091e-06,1.80763e-15,2.01696e-11,2.90172e-11,1.1847e-11,3.65091e-07,1e-30,1e-30,1e-30,1e-30,1e-30,1e-30,8.04269e-12,7.27278e-05,0.0070739
46,181.969,302.665,237.791,2.10526e-06,1.56673,-1.56645,0.864363,26.8682,13.5678,3.48391e-09,2.53045e-16,5.43154e-06,4.2718e-15,2.74313e-11,3.20112e-11,1.10981e-11,3.53394e-07,1e-30,1e-30,1e-30,1e-30,1e-30,1e-30,1.1592e-11,9.06398e-05,0.00709632
47,158.148,310.915,240.66,2.10526e-06,1.75194,-1.75162,1.04051,30.1837,12.5542,5.24923e-09,3.74549e-16,5.45381e-06,9.91907e-15,3.69251e-11,3.53704e-11,1.03684e-11,3.41387e-07,1e-30,1e-30,1e-30,1e-30,1e-30,1e-30,1.64643e-11,0.000114174,0.00711851
48,137.445,319.333,243.584,2.10526e-06,1.95689,-1.9565,1.24814,33.819,11.6243,7.86837e-09,5.48798e-16,5.36554e-06,2.25981e-14,4.90519e-11,3.9181e-11,9.68521e-12,3.29202e-07,1e-30,1e-30,1e-30,1e-30,1e-30,1e-30,2.30257e-11,0.000145291,0.0071405
49,119.452,327.925,246.56,2.10526e-06,2.18305,-2.18267,1.49008,37.8028,10.7901,1.17399e-08,7.9473e-16,5.16076e-06,5.04702e-14,6.4143e-11,4.35582e-11,9.07096e-12,3.16988e-07,1e-30,1e-30,1e-30,1e-30,1e-30,1e-30,3.16649e-11,0.000186903,0.00716223
50,103.815,336.695,249.562,2.10526e-06,2.43354,-2.43325,1.76957,42.1734,10.0435,1.74426e-08,1.13656e-15,4.83889e-06,1.10508e-13,8.24089e-11,4.86599e-11,8.54357e-12,3.04927e-07,1e-30,1e-30,1e-30,1e-30,1e-30,1e-30,4.27282e-11,0.000243602,0.00718883
51,90.2246,345.647,252.546,2.10526e-06,2.71222,-2.71223,2.0882,47.0176,9.4407,2.58048e-08,1.60311e-15,4.40754e-06,2.3719e-13,1.03813e-10,5.4669e-11,8.11025e-12,2.93218e-07,1e-30,1e-30,1e-30,1e-30,1e-30,1e-30,5.63997e-11,0.000322458,0.00721957
52,78.4134,354.782,255.423,2.10526e-06,3.00971,-3.01028,2.43709,51.7019,8.88032,3.79279e-08,2.21969e-15,3.89163e-06,4.97006e-13,1.27782e-10,6.16987e-11,7.75698e-12,2.82083e-07,1e-30,1e-30,1e-30,1e-30,1e-30,1e-30,7.25441e-11,0.000432618,0.00724881
53,68.1484,364.098,258.059,2.10526e-06,3.30593,-3.30727,2.78644,55.5106,8.44082,5.50717e-08,2.98978e-15,3.33932e-06,1.00632e-12,1.52977e-10,6.96314e-11,7.44094e-12,2.71744e-07,1e-30,1e-30,1e-30,1e-30,1e-30,1e-30,9.06072e-11,0.000581862,0.0072755
54,59.2272,373.586,260.242,2.10526e-06,3.55919,-3.5612,3.09409,57.9858,8.13035,7.84001e-08,3.8872e-15,2.81119e-06,1.94479e-12,1.77735e-10,7.81112e-11,7.117e-12,2.62409e-07,1e-30,1e-30,1e-30,1e-30,1e-30,1e-30,1.09709e-10,0.000771973,0.0072982
55,51.4739,383.23,261.805,2.10526e-06,3.74503,-3.74724,3.32522,59.0103,7.92414,1.08822e-07,4.86769e-15,2.34974e-06,3.56215e-12,2.00808e-10,8.6687e-11,6.75858e-12,2.54238e-07,1e-30,1e-30,1e-30,1e-30,1e-30,1e-30,1.28907e-10,0.000996875,0.00731582
56,44.7355,393.008,262.702,2.10526e-06,3.84808,-3.84983,3.46311,58.7107,7.78661,1.46992e-07,5.8856e-15,1.96759e-06,6.18356e-12,2.21595e-10,9.49703e-11,6.3622e-12,2.47322e-07,1e-30,1e-30,1e-30,1e-30,1e-30,1e-30,1.47423e-10,0.00124513,0.00732814
57,38.8792,402.899,262.969,2.10526e-06,3.86812,-3.86902,3.50781,57.3881,7.72335,1.93377e-07,6.90282e-15,1.65826e-06,1.0217e-11,2.39942e-10,1.02701e-10,5.93955e-12,2.41676e-07,1e-30,1e-30,1e-30,1e-30,1e-30,1e-30,1.6472e-10,0.0015038,0.0073355
58,33.7896,412.881,262.672,2.10526e-06,3.81553,-3.81557,3.47076,55.3932,7.7305,2.4834e-07,7.89153e-15,1.40907e-06,1.61637e-11,2.55916e-10,1.09741e-10,5.50755e-12,2.37256e-07,1e-30,1e-30,1e-30,1e-30,1e-30,1e-30,1.80485e-10,0.0017611,0.00733843
59,29.3663,422.936,261.855,2.10526e-06,3.7047,-3.70412,3.37018,52.9207,7.78318,3.12186e-07,8.83523e-15,1.2079e-06,2.46283e-11,2.69693e-10,1.16046e-10,5.08297e-12,2.33977e-07,1e-30,1e-30,1e-30,1e-30,1e-30,1e-30,1.94578e-10,0.00200756,0.00733735
60,25.522,433.044,260.608,2.10526e-06,3.55201,-3.55111,3.22319,50.1948,7.86268,3.85304e-07,9.7224e-15,1.04384e-06,3.63506e-11,2.81458e-10,1.2161e-10,4.67431e-12,2.31731e-07,1e-30,1e-30,1e-30,1e-30,1e-30,1e-30,2.06984e-10,0.00223635,0.00733292
61,22.1809,443.193,259.046,2.10526e-06,3.36984,-3.36885,3.04418,47.3813,7.99362,4.68276e-07,1.05448e-14,9.08175e-07,5.22555e-11,2.91381e-10,1.26445e-10,4.28427e-12,2.30396e-07,1e-30,1e-30,1e-30,1e-30,1e-30,1e-30,2.17771e-10,0.00244308,0.00732596
62,19.2772,453.37,257.248,2.10526e-06,3.17156,-3.17063,2.84635,44.596,8.17583,5.61896e-07,1.13007e-14,7.94713e-07,7.34999e-11,2.9965e-10,1.30587e-10,3.91508e-12,2.29848e-07,1e-30,1e-30,1e-30,1e-30,1e-30,1e-30,2.27055e-10,0.00262545,0.00731706
63,16.7537,463.567,255.252,2.10526e-06,2.96814,-2.96733,2.64131,41.916,8.39666,6.67146e-07,1.19946e-14,6.99083e-07,1.0152e-10,3.06457e-10,1.34096e-10,3.56922e-12,2.29972e-07,1e-30,1e-30,1e-30,1e-30,1e-30,1e-30,2.34983e-10,0.002783,0.00730653
64,14.5605,473.776,253.093,2.10526e-06,2.76812,-2.76746,2.43734,39.3952,8.6209,7.85302e-07,1.26335e-14,6.17829e-07,1.3813e-10,3.11971e-10,1.37027e-10,3.24715e-12,2.30658e-07,1e-30,1e-30,1e-30,1e-30,1e-30,1e-30,2.41714e-10,0.00291674,0.00729465
65,12.6544,483.99,250.848,2.10526e-06,2.57501,-2.57447,2.23867,37.016,8.87086,9.18226e-07,1.32224e-14,5.47956e-07,1.85722e-10,3.16316e-10,1.39419e-10,2.94626e-12,2.31808e-07,1e-30,1e-30,1e-30,1e-30,1e-30,1e-30,2.47407e-10,0.00302869,0.00728197
66,10.9978,494.206,248.576,2.10526e-06,2.39189,-2.39149,2.04832,34.5303,9.00407,1.06829e-06,1.37673e-14,4.87294e-07,2.47404e-10,3.19586e-10,1.41298e-10,2.66447e-12,2.33335e-07,1e-30,1e-30,1e-30,1e-30,1e-30,1e-30,2.52207e-10,0.00312121,0.00726889
67,9.55812,504.422,246.291,2.10526e-06,2.2213,-2.22097,1.86906,32.3785,9.23944,1.23822e-06,1.42782e-14,4.344e-07,3.27099e-10,3.21867e-10,1.42698e-10,2.40134e-12,2.35163e-07,1e-30,1e-30,1e-30,1e-30,1e-30,1e-30,2.56246e-10,0.00319683,0.00726137
68,8.30688,514.635,243.996,2.10526e-06,2.06496,-2.06473,1.70265,30.5986,9.4039,1.43125e-06,1.47662e-14,3.8816e-07,4.29795e-10,3.23229e-10,1.43645e-10,2.15649e-12,2.37222e-07,1e-30,1e-30,1e-30,1e-30,1e-30,1e-30,2.59641e-10,0.00325807,0.00725562
69,7.21944,524.847,241.754,2.10526e-06,1.92219,-1.92199,1.54868,28.7745,9.49592,1.65206e-06,1.52372e-14,3.47402e-07,5.62287e-10,3.23676e-10,1.44127e-10,1.9274e-12,2.39455e-07,1e-30,1e-30,1e-30,1e-30,1e-30,1e-30,2.62496e-10,0.00330734,0.00724989
70,6.27435,535.058,239.597,2.10526e-06,1.79288,-1.79275,1.40706,27.1556,9.48845,1.90629e-06,1.57e-14,3.11342e-07,7.3337e-10,3.23204e-10,1.44131e-10,1.71285e-12,2.41809e-07,1e-30,1e-30,1e-30,1e-30,1e-30,1e-30,2.64897e-10,0.00334672,0.0072443
71,5.45298,545.271,237.533,2.10526e-06,1.6768,-1.67669,1.27772,25.6925,9.36212,2.20075e-06,1.6165e-14,2.79413e-07,9.54368e-10,3.21801e-10,1.43645e-10,1.51254e-12,2.44238e-07,1e-30,1e-30,1e-30,1e-30,1e-30,1e-30,2.66917e-10,0.00337802,0.00723888
72,4.73914,555.488,235.552,2.10526e-06,1.5738,-1.57373,1.16053,24.3598,9.08456,2.54356e-06,1.66442e-14,2.5118e-07,1.23984e-09,3.19474e-10,1.42668e-10,1.32671e-12,2.46702e-07,1e-30,1e-30,1e-30,1e-30,1e-30,1e-30,2.68618e-10,0.00340275,0.00723362
73,4.11875,565.713,233.687,2.10526e-06,1.48312,-1.48304,1.05444,23.1842,8.6876,2.94566e-06,1.71457e-14,2.26135e-07,1.6092e-09,3.16147e-10,1.41156e-10,1.15454e-12,2.49164e-07,1e-30,1e-30,1e-30,1e-30,1e-30,1e-30,2.70054e-10,0.00342223,0.00722863
74,3.57957,575.95,231.939,2.10526e-06,1.40369,-1.40365,0.958397,22.1203,8.19844,3.41882e-06,1.76736e-14,2.0385e-07,2.08683e-09,3.11803e-10,1.39108e-10,9.96629e-13,2.5159e-07,1e-30,1e-30,1e-30,1e-30,1e-30,1e-30,2.71268e-10,0.00343751,0.00722393
75,3.11097,586.202,230.283,2.10526e-06,1.33332,-1.33327,0.870404,21.161,7.64618,3.9709e-06,1.82087e-14,1.83769e-07,2.70327e-09,3.06825e-10,1.36741e-10,8.5623e-13,2.53949e-07,1e-30,1e-30,1e-30,1e-30,1e-30,1e-30,2.72295e-10,0.00344939,0.00721944
76,2.70372,596.472,228.685,2.10526e-06,1.26896,-1.26894,0.78741,20.318,7.06362,4.60005e-06,1.86954e-14,1.65188e-07,3.50347e-09,3.02614e-10,1.34773e-10,7.39242e-13,2.5621e-07,1e-30,1e-30,1e-30,1e-30,1e-30,1e-30,2.73164e-10,0.00345849,0.00721508
77,2.34978,606.763,227.141,2.10526e-06,1.20977,-1.20974,0.707986,19.6647,6.49131,5.30708e-06,1.91e-14,1.47809e-07,4.56702e-09,3.01095e-10,1.34096e-10,6.48275e-13,2.58342e-07,1e-30,1e-30,1e-30,1e-30,1e-30,1e-30,2.73899e-10,0.00346531,0.00721085
78,2.04217,617.075,225.651,2.10526e-06,1.16059,-1.16058,0.636973,19.378,5.96136,6.14529e-06,1.95654e-14,1.32649e-07,6.0281e-09,3.0232e-10,1.34544e-10,5.74635e-13,2.60308e-07,1e-30,1e-30,1e-30,1e-30,1e-30,1e-30,2.74521e-10,0.00347027,0.00720674
79,1.77483,627.41,224.206,2.10526e-06,1.13382,-1.1338,0.585321,19.4589,5.45007,7.29554e-06,2.05265e-14,1.21947e-07,8.06302e-09,3.01346e-10,1.33384e-10,4.96321e-13,2.62058e-07,1e-30,1e-30,1e-30,1e-30,1e-30,1e-30,2.75047e-10,0.00347378,0.00720274
80,1.54249,637.77,222.771,2.10526e-06,1.14051,-1.1405,0.564069,20.0697,5.01548,9.11029e-06,2.26385e-14,1.17891e-07,1.08234e-08,2.8948e-10,1.26164e-10,3.94311e-13,2.63543e-07,1e-30,1e-30,1e-30,1e-30,1e-30,1e-30,2.75498e-10,0.00347626,0.00719875
81,1.34057,648.152,221.291,2.10526e-06,1.18553,-1.18551,0.577135,21.0709,4.64052,1.20777e-05,2.65197e-14,1.21122e-07,1.43328e-08,2.62168e-10,1.10946e-10,2.7655e-13,2.64725e-07,1e-30,1e-30,1e-30,1e-30,1e-30,1e-30,2.75891e-10,0.00347807,0.00719462
82,1.16508,658.553,219.692,2.10526e-06,1.26324,-1.26323,0.618898,22.2573,4.33192,1.67101e-05,3.24864e-14,1.30261e-07,1.84416e-08,2.24418e-10,9.09383e-11,1.71602e-13,2.65604e-07,1e-30,1e-30,1e-30,1e-30,1e-30,1e-30,2.7624e-10,0.0034794,0.00719102
83,1.01256,668.964,217.91,2.10526e-06,1.3616,-1.36159,0.676863,23.5765,4.08516,2.34062e-05,4.04274e-14,1.42515e-07,2.28833e-08,1.85095e-10,7.11212e-11,9.74925e-14,2.66215e-07,1e-30,1e-30,1e-30,1e-30,1e-30,1e-30,2.76555e-10,0.00348046,0.00719109
84,0.880005,679.374,215.906,2.10526e-06,1.46631,-1.4663,0.736743,24.7709,3.90057,3.23564e-05,4.98627e-14,1.54697e-07,2.73744e-08,1.49886e-10,5.44427e-11,5.28081e-14,2.66615e-07,1e-30,1e-30,1e-30,1e-30,1e-30,1e-30,2.76841e-10,0.00348353,0.00719116
85,0.764805,689.772,213.681,2.10526e-06,1.56723,-1.56721,0.786069,25.8705,3.77024,4.34951e-05,6.00626e-14,1.64277e-07,3.16734e-08,1.20574e-10,4.15347e-11,2.81808e-14,2.66862e-07,1e-30,1e-30,1e-30,1e-30,1e-30,1e-30,2.771e-10,0.00348647,0.00719122
86,0.664685,700.147,211.264,2.10526e-06,1.6561,-1.65609,0.816594,26.7331,3.69298,5.65285e-05,7.02217e-14,1.69593e-07,3.56097e-08,9.68609e-11,3.19025e-11,1.51419e-14,2.67004e-07,1e-30,1e-30,1e-30,1e-30,1e-30,1e-30,2.77333e-10,0.00348923,0.00719127
87,0.577672,710.487,208.702,2.10526e-06,1.73107,-1.73106,0.824321,27.4106,3.65708,7.09832e-05,7.95673e-14,1.6991e-07,3.90803e-08,7.78489e-11,2.47905e-11,8.29711e-15,2.67078e-07,1e-30,1e-30,1e-30,1e-30,1e-30,1e-30,2.77541e-10,0.00349173,0.00719132
88,0.50205,720.785,206.049,2.10526e-06,1.79217,-1.79215,0.809265,27.9071,3.66162,8.63002e-05,8.74764e-14,1.65337e-07,4.20442e-08,6.26321e-11,1.95225e-11,4.66374e-15,2.6711e-07,1e-30,1e-30,1e-30,1e-30,1e-30,1e-30,2.77725e-10,0.00349395,0.00719136
89,0.436328,731.036,203.369,2.10526e-06,1.84848,-1.84847,0.773991,28.2447,3.69306,0.000101896,9.34963e-14,1.56509e-07,4.45041e-08,5.04498e-11,1.55811e-11,2.69359e-15,2.67119e-07,1e-30,1e-30,1e-30,1e-30,1e-30,1e-30,2.77886e-10,0.00349584,0.0071914
90,0.379208,741.237,200.709,2.10526e-06,1.90454,-1.90453,0.723032,28.4935,3.73918,0.000117243,9.74036e-14,1.44445e-07,4.6495e-08,4.06988e-11,1.25943e-11,1.59699e-15,2.67116e-07,1e-30,1e-30,1e-30,1e-30,1e-30,1e-30,2.78025e-10,0.00349748,0.00719143
91,0.329567,751.388,198.097,2.10526e-06,1.97003,-1.97002,0.661653,29.1571,3.84674,0.000131878,9.91672e-14,1.30289e-07,4.80681e-08,3.29026e-11,1.03015e-11,9.70285e-16,2.67107e-07,1e-30,1e-30,1e-30,1e-30,1e-30,1e-30,2.78145e-10,0.00349884,0.00719146
92,0.286424,761.491,195.567,2.10526e-06,2.04986,-2.04985,0.594784,29.3706,3.93075,0.000145445,9.88972e-14,1.15091e-07,4.92829e-08,2.66735e-11,8.51737e-12,6.02547e-16,2.67096e-07,1e-30,1e-30,1e-30,1e-30,1e-30,1e-30,2.78248e-10,0.00349992,0.00719148
93,0.248928,771.548,193.177,2.10526e-06,2.16127,-2.16127,0.526317,29.6281,4.01379,0.000157669,9.67621e-14,9.96747e-08,5.01985e-08,2.16945e-11,7.10959e-12,3.81343e-16,2.67086e-07,1e-30,1e-30,1e-30,1e-30,1e-30,1e-30,2.78336e-10,0.00350078,0.00719151
94,0.216342,781.565,190.951,2.10526e-06,2.30774,-2.30773,0.459745,30.2079,4.10161,0.000168367,9.30414e-14,8.4756e-08,5.08713e-08,1.77152e-11,5.98549e-12,2.45246e-16,2.67078e-07,1e-30,1e-30,1e-30,1e-30,1e-30,1e-30,2.78411e-10,0.00350145,0.00719152
95,0.188021,791.551,188.951,2.10526e-06,2.52061,-2.52062,0.397245,30.6186,4.16888,0.00017741,8.79845e-14,7.07718e-08,5.13499e-08,1.45289e-11,5.07652e-12,1.59838e-16,2.67072e-07,1e-30,1e-30,1e-30,1e-30,1e-30,1e-30,2.78476e-10,0.00350197,0.00719154
96,0.163407,801.516,187.169,2.10526e-06,2.80194,-2.80193,0.340898,31.5303,4.23811,0.000184726,8.19413e-14,5.81113e-08,5.16768e-08,1.19773e-11,4.33561e-12,1.05344e-16,2.67067e-07,1e-30,1e-30,1e-30,1e-30,1e-30,1e-30,2.78532e-10,0.00350236,0.00719155
97,0.142016,811.484,186.11,2.10526e-06,3.47814,-3.47817,0.289013,34.4089,4.16462,0.000190267,7.46629e-14,4.64154e-08,5.18862e-08,9.89099e-12,3.70991e-12,7.00564e-17,2.67064e-07,1e-30,1e-30,1e-30,1e-30,1e-30,1e-30,2.78581e-10,0.00350267,0.00719157
98,0.123425,821.489,185.618,2.10526e-06,4.55228,-4.55227,0.244681,37.2586,4.05888,0.000194025,6.67791e-14,3.62241e-08,5.20075e-08,8.19691e-12,3.18421e-12,4.79278e-17,2.67062e-07,1e-30,1e-30,1e-30,1e-30,1e-30,1e-30,2.78625e-10,0.0035029,0.00719158
99,0.107267,831.511,183.866,2.10526e-06,5.08416,-5.08418,0.217326,35.8548,3.86946,0.000195924,6.03949e-14,2.88888e-08,5.20614e-08,6.93147e-12,2.78882e-12,3.67554e-17,2.67061e-07,1e-30,1e-30,1e-30,1e-30,1e-30,1e-30,2.78668e-10,0.00350309,0.00719159
