case,support,wind_m_s,shape,matched_mass,aboveground_mass_proxy_kg,target_mass_proxy_kg,matched_height_scale,planting_area_m2,maximum_height_m,minimum_height_m,individual_count,root_and_water_costs_excluded_from_matching,status,standing_trees,maximum_root_utilization,maximum_stem_utilization,maximum_crown_utilization,maximum_link_utilization,maximum_domain_utilization,maximum_vertical_drag_to_weight,damage_utilization,all_in_domain,most_loaded_root,active_crown_contacts,mean_root_utilization,equilibrium_relative_residual,horizontal_force_balance_relative_residual
flat-matched-0,independent,20.0,flat,True,279278081.7013992,279278081.7013999,0.999999999999999,396900.0,299.9999999999997,299.9999999999997,49,True,COUPLED_SMALL_DISPLACEMENT_STAND,49,0.6421495671881254,0.37778656948575473,0.2029785663103664,0.0,0.6602859323236898,0.0028821778462325884,0.6421495671881254,True,t00-06,0,0.5022137473328119,2.161324435324195e-11,8.959219421092854e-12
flat-matched-0,contact,20.0,flat,True,279278081.7013992,279278081.7013999,0.999999999999999,396900.0,299.9999999999997,299.9999999999997,49,True,COUPLED_SMALL_DISPLACEMENT_STAND,49,0.63202849636967,0.3729095691772451,0.20325753449421557,0.040752804317685506,0.6509112720512209,0.0028821778462325884,0.63202849636967,True,t00-00,42,0.5022138838973346,2.483838158579512e-11,2.7326061801486228e-12
flat-matched-0,clonal_roots,20.0,flat,True,279278081.7013992,279278081.7013999,0.999999999999999,396900.0,299.9999999999997,299.9999999999997,49,True,COUPLED_SMALL_DISPLACEMENT_STAND,49,0.6299076034166851,0.3771002697941105,0.2029785663103664,0.03929645365224853,0.6545449710515612,0.0028821778462325884,0.6299076034166851,True,t00-00,0,0.5021967448558807,2.324872571152921e-11,2.749526424578214e-12
tapered-matched-0,independent,20.0,tapered,True,279278081.7013999,279278081.7013999,1.3399999441822643,396900.0,401.9999832546793,221.09999079007363,49,True,COUPLED_SMALL_DISPLACEMENT_STAND,49,0.7009406053211154,0.38545138260937367,0.241685664256546,0.0,0.6695443248778914,0.0025755296332906244,0.7009406053211154,True,t00-06,0,0.546659762523613,1.5356490047561514e-11,1.8001037255382433e-12
tapered-same_peak-0,independent,20.0,tapered,False,118572179.58839796,279278081.7013999,1.0,396900.0,300.0,165.0,49,True,COUPLED_SMALL_DISPLACEMENT_STAND,49,0.8110554694752785,0.37981364873697504,0.20260530523590398,0.0,0.7164142319874138,0.002789226111797422,0.8110554694752785,True,t00-00,0,0.6526210407838445,1.849555760484618e-11,2.900754576477056e-12
dome-matched-0,independent,20.0,dome,True,279278081.7013999,279278081.7013999,1.1377310460189998,396900.0,341.31931380569995,187.725622593135,49,True,COUPLED_SMALL_DISPLACEMENT_STAND,49,0.7263488373519772,0.37012867815342076,0.21626587190295965,0.0,0.6613327692854013,0.002661333255528218,0.7263488373519772,True,t00-00,0,0.5180449670224769,1.676460424927107e-11,2.4931089831674996e-14
dome-matched-0,contact,20.0,dome,True,279278081.7013999,279278081.7013999,1.1377310460189998,396900.0,341.31931380569995,187.725622593135,49,True,COUPLED_SMALL_DISPLACEMENT_STAND,49,0.7263488373542779,0.3636779159043218,0.21655450292545447,0.05511329085413374,0.6556506180651225,0.002661333255528218,0.7263488373542779,True,t00-06,34,0.5172807941153398,2.1235821998094487e-11,4.942372485561077e-13
dome-matched-0,clonal_roots,20.0,dome,True,279278081.7013999,279278081.7013999,1.1377310460189998,396900.0,341.31931380569995,187.725622593135,49,True,COUPLED_SMALL_DISPLACEMENT_STAND,49,0.6627004209959446,0.3691628772803831,0.21626587190295965,0.04443950279623375,0.6524887350240047,0.002661333255528218,0.6627004209959446,True,t00-06,0,0.5129647216357905,2.129011641334333e-11,4.600120557166193e-13
dome-same_peak-0,independent,20.0,dome,False,191357237.98218828,279278081.7013999,1.0,396900.0,300.0,165.0,49,True,COUPLED_SMALL_DISPLACEMENT_STAND,49,0.7858533498501892,0.36420002809904295,0.2004034818341201,0.0,0.6932163230557306,0.002842356433790235,0.7858533498501892,True,t00-00,0,0.5627430930630536,1.8561595466180248e-11,3.477311321684622e-13
ramp-matched-0,independent,20.0,ramp,True,279278081.7013999,279278081.7013999,1.246273731021381,396900.0,373.88211930641427,205.63516561852785,49,True,COUPLED_SMALL_DISPLACEMENT_STAND,49,0.7194093762966731,0.3600832060972082,0.2299166148537793,0.0,0.6732247954703321,0.002714535090050062,0.7194093762966731,True,t00-06,0,0.5641832897854395,1.5725486174353474e-11,6.757750122712883e-13
ramp-matched-180,independent,20.0,ramp,True,279278081.7013999,279278081.7013999,1.246273731021381,396900.0,373.88211930641427,205.63516561852785,49,True,COUPLED_SMALL_DISPLACEMENT_STAND,49,0.619996086963798,0.40830468302576445,0.23198638696949933,0.0,0.6840101727734372,0.0031077786399333627,0.619996086963798,True,t06-00,0,0.500363270813162,1.5463762766945564e-11,7.279434187416381e-13
ramp-same_peak-0,independent,20.0,ramp,False,146576167.58071935,279278081.7013999,1.0,396900.0,300.0,165.0,49,True,COUPLED_SMALL_DISPLACEMENT_STAND,49,0.8000597071618314,0.3567397844086206,0.20121067285020885,0.0,0.7067120352913958,0.0029597895157446588,0.8000597071618314,True,t00-00,0,0.6386918177978318,1.6366025330560828e-11,1.0418890467989063e-12
ramp-same_peak-180,independent,20.0,ramp,False,146576167.58071935,279278081.7013999,1.0,396900.0,300.0,165.0,49,True,COUPLED_SMALL_DISPLACEMENT_STAND,49,0.6713603889334585,0.3956230108008662,0.20361185786823488,0.0,0.6913483105608634,0.0034310364320741774,0.6713603889334585,True,t06-05,0,0.5786827107719599,1.9049800329753967e-11,3.0648668634834633e-13
irregular-matched-0,independent,20.0,irregular,True,279278081.70140004,279278081.7013999,1.1652546199912084,396900.0,349.57638599736254,213.84494267069155,49,True,COUPLED_SMALL_DISPLACEMENT_STAND,49,0.6936219692153421,0.4003236643825988,0.22166710341166018,0.0,0.6805695269536283,0.00281356086707572,0.6936219692153421,True,t00-06,0,0.5214149428824508,1.587630260308386e-11,5.69059722075434e-13
irregular-same_peak-0,independent,20.0,irregular,False,178427164.93810552,279278081.7013999,1.0,396900.0,300.0,183.51778143759256,49,True,COUPLED_SMALL_DISPLACEMENT_STAND,49,0.746565647872416,0.3922851226275631,0.2028814535670722,0.0,0.6870878591765051,0.0030509394747193046,0.746565647872416,True,t00-05,0,0.573723208499119,1.6973494099801116e-11,7.649475764880234e-14
gap-matched-0,independent,20.0,gap,True,279278081.70139974,279278081.7013999,1.02176835382318,396900.0,306.53050614695405,306.53050614695405,46,True,COUPLED_SMALL_DISPLACEMENT_STAND,46,0.6405534603783752,0.3796905739549681,0.20557394696676723,0.0,0.6628316694175609,0.002675313911379427,0.6405534603783752,True,t00-00,0,0.5091263524741142,1.5009626305362992e-11,3.6084320777929404e-12
gap-same_peak-0,independent,20.0,gap,False,262179423.6380489,279278081.7013999,1.0,396900.0,300.0,300.0,46,True,COUPLED_SMALL_DISPLACEMENT_STAND,46,0.6453924900687533,0.3795268346819023,0.203048141589402,0.0,0.6635341961608614,0.002707820009597727,0.6453924900687533,True,t00-00,0,0.5153749296675727,1.9162357007658483e-11,2.6136055548725414e-12
